"","season","posteam","Go","NoGo","total","go_rate","team_name","team_id","team_nick","team_color","team_color2","team_color3","team_color4","team_logo_wikipedia","team_logo_espn","team_wordmark"
"1",2014,"ARI",3,19,22,0.136363636363636,"Arizona Cardinals","3800","Cardinals","#97233f","#000000","#ffb612","#a5acaf","https://upload.wikimedia.org/wikipedia/en/thumb/7/72/Arizona_Cardinals_logo.svg/179px-Arizona_Cardinals_logo.svg.png","https://a.espncdn.com/i/teamlogos/nfl/500/ari.png","https://github.com/guga31bb/nflfastR-data/raw/master/wordmarks/ARI.png"
"2",2014,"ATL",3,22,25,0.12,"Atlanta Falcons","0200","Falcons","#a71930","#000000","#a5acaf","#a30d2d","https://upload.wikimedia.org/wikipedia/en/thumb/c/c5/Atlanta_Falcons_logo.svg/192px-Atlanta_Falcons_logo.svg.png","https://a.espncdn.com/i/teamlogos/nfl/500/atl.png","https://github.com/guga31bb/nflfastR-data/raw/master/wordmarks/ATL.png"
"3",2014,"BAL",17,18,35,0.485714285714286,"Baltimore Ravens","0325","Ravens","#241773","#000000","#9e7c0c","#c60c30","https://upload.wikimedia.org/wikipedia/en/thumb/1/16/Baltimore_Ravens_logo.svg/193px-Baltimore_Ravens_logo.svg.png","https://a.espncdn.com/i/teamlogos/nfl/500/bal.png","https://github.com/guga31bb/nflfastR-data/raw/master/wordmarks/BAL.png"
"4",2014,"BUF",7,25,32,0.21875,"Buffalo Bills","0610","Bills","#00338d","#c60c30","#0c2e82","#d50a0a","https://upload.wikimedia.org/wikipedia/en/thumb/7/77/Buffalo_Bills_logo.svg/189px-Buffalo_Bills_logo.svg.png","https://a.espncdn.com/i/teamlogos/nfl/500/buf.png","https://github.com/guga31bb/nflfastR-data/raw/master/wordmarks/BUF.png"
"5",2014,"CAR",6,14,20,0.3,"Carolina Panthers","0750","Panthers","#0085ca","#000000","#bfc0bf","#0085ca","https://upload.wikimedia.org/wikipedia/en/thumb/1/1c/Carolina_Panthers_logo.svg/100px-Carolina_Panthers_logo.svg.png","https://a.espncdn.com/i/teamlogos/nfl/500-dark/car.png","https://github.com/guga31bb/nflfastR-data/raw/master/wordmarks/CAR.png"
"6",2014,"CHI",9,20,29,0.310344827586207,"Chicago Bears","0810","Bears","#0b162a","#c83803","#0b162a","#c83803","https://upload.wikimedia.org/wikipedia/commons/thumb/5/5c/Chicago_Bears_logo.svg/100px-Chicago_Bears_logo.svg.png","https://a.espncdn.com/i/teamlogos/nfl/500/chi.png","https://github.com/guga31bb/nflfastR-data/raw/master/wordmarks/CHI.png"
"7",2014,"CIN",6,22,28,0.214285714285714,"Cincinnati Bengals","0920","Bengals","#000000","#fb4f14","#000000","#d32f1e","https://upload.wikimedia.org/wikipedia/commons/thumb/8/81/Cincinnati_Bengals_logo.svg/100px-Cincinnati_Bengals_logo.svg.png","https://a.espncdn.com/i/teamlogos/nfl/500/cin.png","https://github.com/guga31bb/nflfastR-data/raw/master/wordmarks/CIN.png"
"8",2014,"CLE",7,17,24,0.291666666666667,"Cleveland Browns","1050","Browns","#fb4f14","#22150c","#a5acaf","#d32f1e","https://upload.wikimedia.org/wikipedia/en/thumb/d/d9/Cleveland_Browns_logo.svg/100px-Cleveland_Browns_logo.svg.png","https://a.espncdn.com/i/teamlogos/nfl/500/cle.png","https://github.com/guga31bb/nflfastR-data/raw/master/wordmarks/CLE.png"
"9",2014,"DAL",5,14,19,0.263157894736842,"Dallas Cowboys","1200","Cowboys","#002244","#b0b7bc","#acc0c6","#a5acaf","https://upload.wikimedia.org/wikipedia/commons/thumb/1/15/Dallas_Cowboys.svg/100px-Dallas_Cowboys.svg.png","https://a.espncdn.com/i/teamlogos/nfl/500/dal.png","https://github.com/guga31bb/nflfastR-data/raw/master/wordmarks/DAL.png"
"10",2014,"DEN",6,19,25,0.24,"Denver Broncos","1400","Broncos","#002244","#fb4f14","#00234c","#ff5200","https://upload.wikimedia.org/wikipedia/en/thumb/4/44/Denver_Broncos_logo.svg/100px-Denver_Broncos_logo.svg.png","https://a.espncdn.com/i/teamlogos/nfl/500/den.png","https://github.com/guga31bb/nflfastR-data/raw/master/wordmarks/DEN.png"
"11",2014,"DET",6,24,30,0.2,"Detroit Lions","1540","Lions","#005a8b","#b0b7bc","#000000","#004e89","https://upload.wikimedia.org/wikipedia/en/thumb/7/71/Detroit_Lions_logo.svg/100px-Detroit_Lions_logo.svg.png","https://a.espncdn.com/i/teamlogos/nfl/500/det.png","https://github.com/guga31bb/nflfastR-data/raw/master/wordmarks/DET.png"
"12",2014,"GB",8,15,23,0.347826086956522,"Green Bay Packers","1800","Packers","#203731","#ffb612","#1c2d25","#eead1e","https://upload.wikimedia.org/wikipedia/commons/thumb/5/50/Green_Bay_Packers_logo.svg/100px-Green_Bay_Packers_logo.svg.png","https://a.espncdn.com/i/teamlogos/nfl/500/gb.png","https://github.com/guga31bb/nflfastR-data/raw/master/wordmarks/GB.png"
"13",2014,"HOU",13,21,34,0.382352941176471,"Houston Texans","2120","Texans","#03202f","#a71930","#00071c","#a30d2d","https://upload.wikimedia.org/wikipedia/en/thumb/2/28/Houston_Texans_logo.svg/100px-Houston_Texans_logo.svg.png","https://a.espncdn.com/i/teamlogos/nfl/500/hou.png","https://github.com/guga31bb/nflfastR-data/raw/master/wordmarks/HOU.png"
"14",2014,"IND",7,22,29,0.241379310344828,"Indianapolis Colts","2200","Colts","#002c5f","#a5acaf","#013369","#9ba1a2","https://upload.wikimedia.org/wikipedia/commons/thumb/0/00/Indianapolis_Colts_logo.svg/100px-Indianapolis_Colts_logo.svg.png","https://a.espncdn.com/i/teamlogos/nfl/500/ind.png","https://github.com/guga31bb/nflfastR-data/raw/master/wordmarks/IND.png"
"15",2014,"JAX",8,18,26,0.307692307692308,"Jacksonville Jaguars","2250","Jaguars","#000000","#006778","#9f792c","#d7a22a","https://upload.wikimedia.org/wikipedia/en/thumb/7/74/Jacksonville_Jaguars_logo.svg/100px-Jacksonville_Jaguars_logo.svg.png","https://a.espncdn.com/i/teamlogos/nfl/500/jax.png","https://github.com/guga31bb/nflfastR-data/raw/master/wordmarks/JAX.png"
"16",2014,"KC",6,17,23,0.260869565217391,"Kansas City Chiefs","2310","Chiefs","#e31837","#ffb612","#000000","#e31837","https://upload.wikimedia.org/wikipedia/en/thumb/e/e1/Kansas_City_Chiefs_logo.svg/100px-Kansas_City_Chiefs_logo.svg.png","https://a.espncdn.com/i/teamlogos/nfl/500/kc.png","https://github.com/guga31bb/nflfastR-data/raw/master/wordmarks/KC.png"
"17",2014,"LA",4,20,24,0.166666666666667,"Los Angeles Rams","2510","Rams","#002244","#b3995d","#001532","#af925d","https://upload.wikimedia.org/wikipedia/en/thumb/8/8a/Los_Angeles_Rams_logo.svg/100px-Los_Angeles_Rams_logo.svg.png","https://a.espncdn.com/i/teamlogos/nfl/500/lar.png","https://github.com/guga31bb/nflfastR-data/raw/master/wordmarks/LA.png"
"18",2014,"LAC",6,13,19,0.315789473684211,"Los Angeles Chargers","4400","Chargers","#002244","#0073cf","#ffb612","#001532","https://upload.wikimedia.org/wikipedia/en/thumb/7/72/NFL_Chargers_logo.svg/100px-NFL_Chargers_logo.svg.png","https://a.espncdn.com/i/teamlogos/nfl/500/lac.png","https://github.com/guga31bb/nflfastR-data/raw/master/wordmarks/LAC.png"
"19",2014,"LV",2,21,23,0.0869565217391304,"Las Vegas Raiders","2520","Raiders","#a5acaf","#000000","#a6aeb0","#000000","https://upload.wikimedia.org/wikipedia/en/thumb/4/48/Las_Vegas_Raiders_logo.svg/100px-Las_Vegas_Raiders_logo.svg.png","https://a.espncdn.com/i/teamlogos/nfl/500/lv.png","https://github.com/guga31bb/nflfastR-data/raw/master/wordmarks/LV.png"
"20",2014,"MIA",5,16,21,0.238095238095238,"Miami Dolphins","2700","Dolphins","#008e97","#f58220","#005778","#008e97","https://upload.wikimedia.org/wikipedia/en/thumb/3/37/Miami_Dolphins_logo.svg/100px-Miami_Dolphins_logo.svg.png","https://a.espncdn.com/i/teamlogos/nfl/500/mia.png","https://github.com/guga31bb/nflfastR-data/raw/master/wordmarks/MIA.png"
"21",2014,"MIN",6,17,23,0.260869565217391,"Minnesota Vikings","3000","Vikings","#4f2683","#ffc62f","#e9bf9b","#000000","https://upload.wikimedia.org/wikipedia/en/thumb/4/48/Minnesota_Vikings_logo.svg/98px-Minnesota_Vikings_logo.svg.png","https://a.espncdn.com/i/teamlogos/nfl/500/min.png","https://github.com/guga31bb/nflfastR-data/raw/master/wordmarks/MIN.png"
"22",2014,"NE",6,25,31,0.193548387096774,"New England Patriots","3200","Patriots","#002244","#c60c30","#b0b7bc","#001532","https://upload.wikimedia.org/wikipedia/en/thumb/b/b9/New_England_Patriots_logo.svg/100px-New_England_Patriots_logo.svg.png","https://a.espncdn.com/i/teamlogos/nfl/500/ne.png","https://github.com/guga31bb/nflfastR-data/raw/master/wordmarks/NE.png"
"23",2014,"NO",10,22,32,0.3125,"New Orleans Saints","3300","Saints","#9f8958","#000000","#9f8958","#000000","https://upload.wikimedia.org/wikipedia/commons/thumb/5/50/New_Orleans_Saints_logo.svg/98px-New_Orleans_Saints_logo.svg.png","https://a.espncdn.com/i/teamlogos/nfl/500/no.png","https://github.com/guga31bb/nflfastR-data/raw/master/wordmarks/NO.png"
"24",2014,"NYG",9,18,27,0.333333333333333,"New York Giants","3410","Giants","#0b2265","#a71930","#a5acaf","#012352","https://upload.wikimedia.org/wikipedia/commons/thumb/6/60/New_York_Giants_logo.svg/100px-New_York_Giants_logo.svg.png","https://a.espncdn.com/i/teamlogos/nfl/500/nyg.png","https://github.com/guga31bb/nflfastR-data/raw/master/wordmarks/NYG.png"
"25",2014,"NYJ",7,27,34,0.205882352941176,"New York Jets","3430","Jets","#203731","#1c2d25",NA,NA,"https://upload.wikimedia.org/wikipedia/en/thumb/6/6b/New_York_Jets_logo.svg/100px-New_York_Jets_logo.svg.png","https://a.espncdn.com/i/teamlogos/nfl/500/nyj.png","https://github.com/guga31bb/nflfastR-data/raw/master/wordmarks/NYJ.png"
"26",2014,"PHI",6,21,27,0.222222222222222,"Philadelphia Eagles","3700","Eagles","#004953","#a5acaf","#acc0c6","#000000","https://upload.wikimedia.org/wikipedia/en/thumb/8/8e/Philadelphia_Eagles_logo.svg/100px-Philadelphia_Eagles_logo.svg.png","https://a.espncdn.com/i/teamlogos/nfl/500/phi.png","https://github.com/guga31bb/nflfastR-data/raw/master/wordmarks/PHI.png"
"27",2014,"PIT",4,22,26,0.153846153846154,"Pittsburgh Steelers","3900","Steelers","#000000","#ffb612","#c60c30","#00539b","https://upload.wikimedia.org/wikipedia/commons/thumb/d/de/Pittsburgh_Steelers_logo.svg/100px-Pittsburgh_Steelers_logo.svg.png","https://a.espncdn.com/i/teamlogos/nfl/500/pit.png","https://github.com/guga31bb/nflfastR-data/raw/master/wordmarks/PIT.png"
"28",2014,"SEA",9,24,33,0.272727272727273,"Seattle Seahawks","4600","Seahawks","#002244","#69be28","#a5acaf","#001532","https://upload.wikimedia.org/wikipedia/en/thumb/8/8e/Seattle_Seahawks_logo.svg/100px-Seattle_Seahawks_logo.svg.png","https://a.espncdn.com/i/teamlogos/nfl/500/sea.png","https://github.com/guga31bb/nflfastR-data/raw/master/wordmarks/SEA.png"
"29",2014,"SF",12,19,31,0.387096774193548,"San Francisco 49ers","4500","49ers","#aa0000","#b3995d","#000000","#a5acaf","https://upload.wikimedia.org/wikipedia/commons/thumb/3/3a/San_Francisco_49ers_logo.svg/100px-San_Francisco_49ers_logo.svg.png","https://a.espncdn.com/i/teamlogos/nfl/500/sf.png","https://github.com/guga31bb/nflfastR-data/raw/master/wordmarks/SF.png"
"30",2014,"TB",6,16,22,0.272727272727273,"Tampa Bay Buccaneers","4900","Buccaneers","#d50a0a","#34302b","#000000","#ff7900","https://upload.wikimedia.org/wikipedia/en/thumb/a/a2/Tampa_Bay_Buccaneers_logo.svg/100px-Tampa_Bay_Buccaneers_logo.svg.png","https://a.espncdn.com/i/teamlogos/nfl/500/tb.png","https://github.com/guga31bb/nflfastR-data/raw/master/wordmarks/TB.png"
"31",2014,"TEN",5,20,25,0.2,"Tennessee Titans","2100","Titans","#002244","#4b92db","#c60c30","#a5acaf","https://raw.githubusercontent.com/guga31bb/nflfastR-data/master/titans.png","https://a.espncdn.com/i/teamlogos/nfl/500/ten.png","https://github.com/guga31bb/nflfastR-data/raw/master/wordmarks/TEN.png"
"32",2014,"WAS",7,14,21,0.333333333333333,"Washington Football Team","5110","Football Team","#773141","#ffb612","#000000","#5b2b2f","https://upload.wikimedia.org/wikipedia/commons/thumb/7/72/Washington_football_team_wlogo.svg/100px-Washington_football_team_wlogo.svg.png","https://a.espncdn.com/i/teamlogos/nfl/500/wsh.png","https://github.com/guga31bb/nflfastR-data/raw/master/wordmarks/WAS.png"
"33",2015,"ARI",4,21,25,0.16,"Arizona Cardinals","3800","Cardinals","#97233f","#000000","#ffb612","#a5acaf","https://upload.wikimedia.org/wikipedia/en/thumb/7/72/Arizona_Cardinals_logo.svg/179px-Arizona_Cardinals_logo.svg.png","https://a.espncdn.com/i/teamlogos/nfl/500/ari.png","https://github.com/guga31bb/nflfastR-data/raw/master/wordmarks/ARI.png"
"34",2015,"ATL",11,22,33,0.333333333333333,"Atlanta Falcons","0200","Falcons","#a71930","#000000","#a5acaf","#a30d2d","https://upload.wikimedia.org/wikipedia/en/thumb/c/c5/Atlanta_Falcons_logo.svg/192px-Atlanta_Falcons_logo.svg.png","https://a.espncdn.com/i/teamlogos/nfl/500/atl.png","https://github.com/guga31bb/nflfastR-data/raw/master/wordmarks/ATL.png"
"35",2015,"BAL",18,24,42,0.428571428571429,"Baltimore Ravens","0325","Ravens","#241773","#000000","#9e7c0c","#c60c30","https://upload.wikimedia.org/wikipedia/en/thumb/1/16/Baltimore_Ravens_logo.svg/193px-Baltimore_Ravens_logo.svg.png","https://a.espncdn.com/i/teamlogos/nfl/500/bal.png","https://github.com/guga31bb/nflfastR-data/raw/master/wordmarks/BAL.png"
"36",2015,"BUF",6,25,31,0.193548387096774,"Buffalo Bills","0610","Bills","#00338d","#c60c30","#0c2e82","#d50a0a","https://upload.wikimedia.org/wikipedia/en/thumb/7/77/Buffalo_Bills_logo.svg/189px-Buffalo_Bills_logo.svg.png","https://a.espncdn.com/i/teamlogos/nfl/500/buf.png","https://github.com/guga31bb/nflfastR-data/raw/master/wordmarks/BUF.png"
"37",2015,"CAR",6,19,25,0.24,"Carolina Panthers","0750","Panthers","#0085ca","#000000","#bfc0bf","#0085ca","https://upload.wikimedia.org/wikipedia/en/thumb/1/1c/Carolina_Panthers_logo.svg/100px-Carolina_Panthers_logo.svg.png","https://a.espncdn.com/i/teamlogos/nfl/500-dark/car.png","https://github.com/guga31bb/nflfastR-data/raw/master/wordmarks/CAR.png"
"38",2015,"CHI",4,23,27,0.148148148148148,"Chicago Bears","0810","Bears","#0b162a","#c83803","#0b162a","#c83803","https://upload.wikimedia.org/wikipedia/commons/thumb/5/5c/Chicago_Bears_logo.svg/100px-Chicago_Bears_logo.svg.png","https://a.espncdn.com/i/teamlogos/nfl/500/chi.png","https://github.com/guga31bb/nflfastR-data/raw/master/wordmarks/CHI.png"
"39",2015,"CIN",9,19,28,0.321428571428571,"Cincinnati Bengals","0920","Bengals","#000000","#fb4f14","#000000","#d32f1e","https://upload.wikimedia.org/wikipedia/commons/thumb/8/81/Cincinnati_Bengals_logo.svg/100px-Cincinnati_Bengals_logo.svg.png","https://a.espncdn.com/i/teamlogos/nfl/500/cin.png","https://github.com/guga31bb/nflfastR-data/raw/master/wordmarks/CIN.png"
"40",2015,"CLE",5,16,21,0.238095238095238,"Cleveland Browns","1050","Browns","#fb4f14","#22150c","#a5acaf","#d32f1e","https://upload.wikimedia.org/wikipedia/en/thumb/d/d9/Cleveland_Browns_logo.svg/100px-Cleveland_Browns_logo.svg.png","https://a.espncdn.com/i/teamlogos/nfl/500/cle.png","https://github.com/guga31bb/nflfastR-data/raw/master/wordmarks/CLE.png"
"41",2015,"DAL",8,26,34,0.235294117647059,"Dallas Cowboys","1200","Cowboys","#002244","#b0b7bc","#acc0c6","#a5acaf","https://upload.wikimedia.org/wikipedia/commons/thumb/1/15/Dallas_Cowboys.svg/100px-Dallas_Cowboys.svg.png","https://a.espncdn.com/i/teamlogos/nfl/500/dal.png","https://github.com/guga31bb/nflfastR-data/raw/master/wordmarks/DAL.png"
"42",2015,"DEN",12,26,38,0.315789473684211,"Denver Broncos","1400","Broncos","#002244","#fb4f14","#00234c","#ff5200","https://upload.wikimedia.org/wikipedia/en/thumb/4/44/Denver_Broncos_logo.svg/100px-Denver_Broncos_logo.svg.png","https://a.espncdn.com/i/teamlogos/nfl/500/den.png","https://github.com/guga31bb/nflfastR-data/raw/master/wordmarks/DEN.png"
"43",2015,"DET",5,16,21,0.238095238095238,"Detroit Lions","1540","Lions","#005a8b","#b0b7bc","#000000","#004e89","https://upload.wikimedia.org/wikipedia/en/thumb/7/71/Detroit_Lions_logo.svg/100px-Detroit_Lions_logo.svg.png","https://a.espncdn.com/i/teamlogos/nfl/500/det.png","https://github.com/guga31bb/nflfastR-data/raw/master/wordmarks/DET.png"
"44",2015,"GB",17,21,38,0.447368421052632,"Green Bay Packers","1800","Packers","#203731","#ffb612","#1c2d25","#eead1e","https://upload.wikimedia.org/wikipedia/commons/thumb/5/50/Green_Bay_Packers_logo.svg/100px-Green_Bay_Packers_logo.svg.png","https://a.espncdn.com/i/teamlogos/nfl/500/gb.png","https://github.com/guga31bb/nflfastR-data/raw/master/wordmarks/GB.png"
"45",2015,"HOU",9,18,27,0.333333333333333,"Houston Texans","2120","Texans","#03202f","#a71930","#00071c","#a30d2d","https://upload.wikimedia.org/wikipedia/en/thumb/2/28/Houston_Texans_logo.svg/100px-Houston_Texans_logo.svg.png","https://a.espncdn.com/i/teamlogos/nfl/500/hou.png","https://github.com/guga31bb/nflfastR-data/raw/master/wordmarks/HOU.png"
"46",2015,"IND",4,26,30,0.133333333333333,"Indianapolis Colts","2200","Colts","#002c5f","#a5acaf","#013369","#9ba1a2","https://upload.wikimedia.org/wikipedia/commons/thumb/0/00/Indianapolis_Colts_logo.svg/100px-Indianapolis_Colts_logo.svg.png","https://a.espncdn.com/i/teamlogos/nfl/500/ind.png","https://github.com/guga31bb/nflfastR-data/raw/master/wordmarks/IND.png"
"47",2015,"JAX",6,19,25,0.24,"Jacksonville Jaguars","2250","Jaguars","#000000","#006778","#9f792c","#d7a22a","https://upload.wikimedia.org/wikipedia/en/thumb/7/74/Jacksonville_Jaguars_logo.svg/100px-Jacksonville_Jaguars_logo.svg.png","https://a.espncdn.com/i/teamlogos/nfl/500/jax.png","https://github.com/guga31bb/nflfastR-data/raw/master/wordmarks/JAX.png"
"48",2015,"KC",3,17,20,0.15,"Kansas City Chiefs","2310","Chiefs","#e31837","#ffb612","#000000","#e31837","https://upload.wikimedia.org/wikipedia/en/thumb/e/e1/Kansas_City_Chiefs_logo.svg/100px-Kansas_City_Chiefs_logo.svg.png","https://a.espncdn.com/i/teamlogos/nfl/500/kc.png","https://github.com/guga31bb/nflfastR-data/raw/master/wordmarks/KC.png"
"49",2015,"LA",3,23,26,0.115384615384615,"Los Angeles Rams","2510","Rams","#002244","#b3995d","#001532","#af925d","https://upload.wikimedia.org/wikipedia/en/thumb/8/8a/Los_Angeles_Rams_logo.svg/100px-Los_Angeles_Rams_logo.svg.png","https://a.espncdn.com/i/teamlogos/nfl/500/lar.png","https://github.com/guga31bb/nflfastR-data/raw/master/wordmarks/LA.png"
"50",2015,"LAC",5,16,21,0.238095238095238,"Los Angeles Chargers","4400","Chargers","#002244","#0073cf","#ffb612","#001532","https://upload.wikimedia.org/wikipedia/en/thumb/7/72/NFL_Chargers_logo.svg/100px-NFL_Chargers_logo.svg.png","https://a.espncdn.com/i/teamlogos/nfl/500/lac.png","https://github.com/guga31bb/nflfastR-data/raw/master/wordmarks/LAC.png"
"51",2015,"LV",6,23,29,0.206896551724138,"Las Vegas Raiders","2520","Raiders","#a5acaf","#000000","#a6aeb0","#000000","https://upload.wikimedia.org/wikipedia/en/thumb/4/48/Las_Vegas_Raiders_logo.svg/100px-Las_Vegas_Raiders_logo.svg.png","https://a.espncdn.com/i/teamlogos/nfl/500/lv.png","https://github.com/guga31bb/nflfastR-data/raw/master/wordmarks/LV.png"
"52",2015,"MIA",4,24,28,0.142857142857143,"Miami Dolphins","2700","Dolphins","#008e97","#f58220","#005778","#008e97","https://upload.wikimedia.org/wikipedia/en/thumb/3/37/Miami_Dolphins_logo.svg/100px-Miami_Dolphins_logo.svg.png","https://a.espncdn.com/i/teamlogos/nfl/500/mia.png","https://github.com/guga31bb/nflfastR-data/raw/master/wordmarks/MIA.png"
"53",2015,"MIN",6,17,23,0.260869565217391,"Minnesota Vikings","3000","Vikings","#4f2683","#ffc62f","#e9bf9b","#000000","https://upload.wikimedia.org/wikipedia/en/thumb/4/48/Minnesota_Vikings_logo.svg/98px-Minnesota_Vikings_logo.svg.png","https://a.espncdn.com/i/teamlogos/nfl/500/min.png","https://github.com/guga31bb/nflfastR-data/raw/master/wordmarks/MIN.png"
"54",2015,"NE",13,16,29,0.448275862068966,"New England Patriots","3200","Patriots","#002244","#c60c30","#b0b7bc","#001532","https://upload.wikimedia.org/wikipedia/en/thumb/b/b9/New_England_Patriots_logo.svg/100px-New_England_Patriots_logo.svg.png","https://a.espncdn.com/i/teamlogos/nfl/500/ne.png","https://github.com/guga31bb/nflfastR-data/raw/master/wordmarks/NE.png"
"55",2015,"NO",7,25,32,0.21875,"New Orleans Saints","3300","Saints","#9f8958","#000000","#9f8958","#000000","https://upload.wikimedia.org/wikipedia/commons/thumb/5/50/New_Orleans_Saints_logo.svg/98px-New_Orleans_Saints_logo.svg.png","https://a.espncdn.com/i/teamlogos/nfl/500/no.png","https://github.com/guga31bb/nflfastR-data/raw/master/wordmarks/NO.png"
"56",2015,"NYG",8,32,40,0.2,"New York Giants","3410","Giants","#0b2265","#a71930","#a5acaf","#012352","https://upload.wikimedia.org/wikipedia/commons/thumb/6/60/New_York_Giants_logo.svg/100px-New_York_Giants_logo.svg.png","https://a.espncdn.com/i/teamlogos/nfl/500/nyg.png","https://github.com/guga31bb/nflfastR-data/raw/master/wordmarks/NYG.png"
"57",2015,"NYJ",10,19,29,0.344827586206897,"New York Jets","3430","Jets","#203731","#1c2d25",NA,NA,"https://upload.wikimedia.org/wikipedia/en/thumb/6/6b/New_York_Jets_logo.svg/100px-New_York_Jets_logo.svg.png","https://a.espncdn.com/i/teamlogos/nfl/500/nyj.png","https://github.com/guga31bb/nflfastR-data/raw/master/wordmarks/NYJ.png"
"58",2015,"PHI",6,23,29,0.206896551724138,"Philadelphia Eagles","3700","Eagles","#004953","#a5acaf","#acc0c6","#000000","https://upload.wikimedia.org/wikipedia/en/thumb/8/8e/Philadelphia_Eagles_logo.svg/100px-Philadelphia_Eagles_logo.svg.png","https://a.espncdn.com/i/teamlogos/nfl/500/phi.png","https://github.com/guga31bb/nflfastR-data/raw/master/wordmarks/PHI.png"
"59",2015,"PIT",7,36,43,0.162790697674419,"Pittsburgh Steelers","3900","Steelers","#000000","#ffb612","#c60c30","#00539b","https://upload.wikimedia.org/wikipedia/commons/thumb/d/de/Pittsburgh_Steelers_logo.svg/100px-Pittsburgh_Steelers_logo.svg.png","https://a.espncdn.com/i/teamlogos/nfl/500/pit.png","https://github.com/guga31bb/nflfastR-data/raw/master/wordmarks/PIT.png"
"60",2015,"SEA",5,18,23,0.217391304347826,"Seattle Seahawks","4600","Seahawks","#002244","#69be28","#a5acaf","#001532","https://upload.wikimedia.org/wikipedia/en/thumb/8/8e/Seattle_Seahawks_logo.svg/100px-Seattle_Seahawks_logo.svg.png","https://a.espncdn.com/i/teamlogos/nfl/500/sea.png","https://github.com/guga31bb/nflfastR-data/raw/master/wordmarks/SEA.png"
"61",2015,"SF",6,11,17,0.352941176470588,"San Francisco 49ers","4500","49ers","#aa0000","#b3995d","#000000","#a5acaf","https://upload.wikimedia.org/wikipedia/commons/thumb/3/3a/San_Francisco_49ers_logo.svg/100px-San_Francisco_49ers_logo.svg.png","https://a.espncdn.com/i/teamlogos/nfl/500/sf.png","https://github.com/guga31bb/nflfastR-data/raw/master/wordmarks/SF.png"
"62",2015,"TB",7,19,26,0.269230769230769,"Tampa Bay Buccaneers","4900","Buccaneers","#d50a0a","#34302b","#000000","#ff7900","https://upload.wikimedia.org/wikipedia/en/thumb/a/a2/Tampa_Bay_Buccaneers_logo.svg/100px-Tampa_Bay_Buccaneers_logo.svg.png","https://a.espncdn.com/i/teamlogos/nfl/500/tb.png","https://github.com/guga31bb/nflfastR-data/raw/master/wordmarks/TB.png"
"63",2015,"TEN",4,17,21,0.19047619047619,"Tennessee Titans","2100","Titans","#002244","#4b92db","#c60c30","#a5acaf","https://raw.githubusercontent.com/guga31bb/nflfastR-data/master/titans.png","https://a.espncdn.com/i/teamlogos/nfl/500/ten.png","https://github.com/guga31bb/nflfastR-data/raw/master/wordmarks/TEN.png"
"64",2015,"WAS",4,14,18,0.222222222222222,"Washington Football Team","5110","Football Team","#773141","#ffb612","#000000","#5b2b2f","https://upload.wikimedia.org/wikipedia/commons/thumb/7/72/Washington_football_team_wlogo.svg/100px-Washington_football_team_wlogo.svg.png","https://a.espncdn.com/i/teamlogos/nfl/500/wsh.png","https://github.com/guga31bb/nflfastR-data/raw/master/wordmarks/WAS.png"
"65",2016,"ARI",4,20,24,0.166666666666667,"Arizona Cardinals","3800","Cardinals","#97233f","#000000","#ffb612","#a5acaf","https://upload.wikimedia.org/wikipedia/en/thumb/7/72/Arizona_Cardinals_logo.svg/179px-Arizona_Cardinals_logo.svg.png","https://a.espncdn.com/i/teamlogos/nfl/500/ari.png","https://github.com/guga31bb/nflfastR-data/raw/master/wordmarks/ARI.png"
"66",2016,"ATL",11,17,28,0.392857142857143,"Atlanta Falcons","0200","Falcons","#a71930","#000000","#a5acaf","#a30d2d","https://upload.wikimedia.org/wikipedia/en/thumb/c/c5/Atlanta_Falcons_logo.svg/192px-Atlanta_Falcons_logo.svg.png","https://a.espncdn.com/i/teamlogos/nfl/500/atl.png","https://github.com/guga31bb/nflfastR-data/raw/master/wordmarks/ATL.png"
"67",2016,"BAL",15,22,37,0.405405405405405,"Baltimore Ravens","0325","Ravens","#241773","#000000","#9e7c0c","#c60c30","https://upload.wikimedia.org/wikipedia/en/thumb/1/16/Baltimore_Ravens_logo.svg/193px-Baltimore_Ravens_logo.svg.png","https://a.espncdn.com/i/teamlogos/nfl/500/bal.png","https://github.com/guga31bb/nflfastR-data/raw/master/wordmarks/BAL.png"
"68",2016,"BUF",9,20,29,0.310344827586207,"Buffalo Bills","0610","Bills","#00338d","#c60c30","#0c2e82","#d50a0a","https://upload.wikimedia.org/wikipedia/en/thumb/7/77/Buffalo_Bills_logo.svg/189px-Buffalo_Bills_logo.svg.png","https://a.espncdn.com/i/teamlogos/nfl/500/buf.png","https://github.com/guga31bb/nflfastR-data/raw/master/wordmarks/BUF.png"
"69",2016,"CAR",8,24,32,0.25,"Carolina Panthers","0750","Panthers","#0085ca","#000000","#bfc0bf","#0085ca","https://upload.wikimedia.org/wikipedia/en/thumb/1/1c/Carolina_Panthers_logo.svg/100px-Carolina_Panthers_logo.svg.png","https://a.espncdn.com/i/teamlogos/nfl/500-dark/car.png","https://github.com/guga31bb/nflfastR-data/raw/master/wordmarks/CAR.png"
"70",2016,"CHI",9,12,21,0.428571428571429,"Chicago Bears","0810","Bears","#0b162a","#c83803","#0b162a","#c83803","https://upload.wikimedia.org/wikipedia/commons/thumb/5/5c/Chicago_Bears_logo.svg/100px-Chicago_Bears_logo.svg.png","https://a.espncdn.com/i/teamlogos/nfl/500/chi.png","https://github.com/guga31bb/nflfastR-data/raw/master/wordmarks/CHI.png"
"71",2016,"CIN",6,17,23,0.260869565217391,"Cincinnati Bengals","0920","Bengals","#000000","#fb4f14","#000000","#d32f1e","https://upload.wikimedia.org/wikipedia/commons/thumb/8/81/Cincinnati_Bengals_logo.svg/100px-Cincinnati_Bengals_logo.svg.png","https://a.espncdn.com/i/teamlogos/nfl/500/cin.png","https://github.com/guga31bb/nflfastR-data/raw/master/wordmarks/CIN.png"
"72",2016,"CLE",5,14,19,0.263157894736842,"Cleveland Browns","1050","Browns","#fb4f14","#22150c","#a5acaf","#d32f1e","https://upload.wikimedia.org/wikipedia/en/thumb/d/d9/Cleveland_Browns_logo.svg/100px-Cleveland_Browns_logo.svg.png","https://a.espncdn.com/i/teamlogos/nfl/500/cle.png","https://github.com/guga31bb/nflfastR-data/raw/master/wordmarks/CLE.png"
"73",2016,"DAL",4,22,26,0.153846153846154,"Dallas Cowboys","1200","Cowboys","#002244","#b0b7bc","#acc0c6","#a5acaf","https://upload.wikimedia.org/wikipedia/commons/thumb/1/15/Dallas_Cowboys.svg/100px-Dallas_Cowboys.svg.png","https://a.espncdn.com/i/teamlogos/nfl/500/dal.png","https://github.com/guga31bb/nflfastR-data/raw/master/wordmarks/DAL.png"
"74",2016,"DEN",3,23,26,0.115384615384615,"Denver Broncos","1400","Broncos","#002244","#fb4f14","#00234c","#ff5200","https://upload.wikimedia.org/wikipedia/en/thumb/4/44/Denver_Broncos_logo.svg/100px-Denver_Broncos_logo.svg.png","https://a.espncdn.com/i/teamlogos/nfl/500/den.png","https://github.com/guga31bb/nflfastR-data/raw/master/wordmarks/DEN.png"
"75",2016,"DET",8,18,26,0.307692307692308,"Detroit Lions","1540","Lions","#005a8b","#b0b7bc","#000000","#004e89","https://upload.wikimedia.org/wikipedia/en/thumb/7/71/Detroit_Lions_logo.svg/100px-Detroit_Lions_logo.svg.png","https://a.espncdn.com/i/teamlogos/nfl/500/det.png","https://github.com/guga31bb/nflfastR-data/raw/master/wordmarks/DET.png"
"76",2016,"GB",7,16,23,0.304347826086957,"Green Bay Packers","1800","Packers","#203731","#ffb612","#1c2d25","#eead1e","https://upload.wikimedia.org/wikipedia/commons/thumb/5/50/Green_Bay_Packers_logo.svg/100px-Green_Bay_Packers_logo.svg.png","https://a.espncdn.com/i/teamlogos/nfl/500/gb.png","https://github.com/guga31bb/nflfastR-data/raw/master/wordmarks/GB.png"
"77",2016,"HOU",10,32,42,0.238095238095238,"Houston Texans","2120","Texans","#03202f","#a71930","#00071c","#a30d2d","https://upload.wikimedia.org/wikipedia/en/thumb/2/28/Houston_Texans_logo.svg/100px-Houston_Texans_logo.svg.png","https://a.espncdn.com/i/teamlogos/nfl/500/hou.png","https://github.com/guga31bb/nflfastR-data/raw/master/wordmarks/HOU.png"
"78",2016,"IND",10,19,29,0.344827586206897,"Indianapolis Colts","2200","Colts","#002c5f","#a5acaf","#013369","#9ba1a2","https://upload.wikimedia.org/wikipedia/commons/thumb/0/00/Indianapolis_Colts_logo.svg/100px-Indianapolis_Colts_logo.svg.png","https://a.espncdn.com/i/teamlogos/nfl/500/ind.png","https://github.com/guga31bb/nflfastR-data/raw/master/wordmarks/IND.png"
"79",2016,"JAX",10,22,32,0.3125,"Jacksonville Jaguars","2250","Jaguars","#000000","#006778","#9f792c","#d7a22a","https://upload.wikimedia.org/wikipedia/en/thumb/7/74/Jacksonville_Jaguars_logo.svg/100px-Jacksonville_Jaguars_logo.svg.png","https://a.espncdn.com/i/teamlogos/nfl/500/jax.png","https://github.com/guga31bb/nflfastR-data/raw/master/wordmarks/JAX.png"
"80",2016,"KC",12,18,30,0.4,"Kansas City Chiefs","2310","Chiefs","#e31837","#ffb612","#000000","#e31837","https://upload.wikimedia.org/wikipedia/en/thumb/e/e1/Kansas_City_Chiefs_logo.svg/100px-Kansas_City_Chiefs_logo.svg.png","https://a.espncdn.com/i/teamlogos/nfl/500/kc.png","https://github.com/guga31bb/nflfastR-data/raw/master/wordmarks/KC.png"
"81",2016,"LA",7,18,25,0.28,"Los Angeles Rams","2510","Rams","#002244","#b3995d","#001532","#af925d","https://upload.wikimedia.org/wikipedia/en/thumb/8/8a/Los_Angeles_Rams_logo.svg/100px-Los_Angeles_Rams_logo.svg.png","https://a.espncdn.com/i/teamlogos/nfl/500/lar.png","https://github.com/guga31bb/nflfastR-data/raw/master/wordmarks/LA.png"
"82",2016,"LAC",7,22,29,0.241379310344828,"Los Angeles Chargers","4400","Chargers","#002244","#0073cf","#ffb612","#001532","https://upload.wikimedia.org/wikipedia/en/thumb/7/72/NFL_Chargers_logo.svg/100px-NFL_Chargers_logo.svg.png","https://a.espncdn.com/i/teamlogos/nfl/500/lac.png","https://github.com/guga31bb/nflfastR-data/raw/master/wordmarks/LAC.png"
"83",2016,"LV",10,24,34,0.294117647058824,"Las Vegas Raiders","2520","Raiders","#a5acaf","#000000","#a6aeb0","#000000","https://upload.wikimedia.org/wikipedia/en/thumb/4/48/Las_Vegas_Raiders_logo.svg/100px-Las_Vegas_Raiders_logo.svg.png","https://a.espncdn.com/i/teamlogos/nfl/500/lv.png","https://github.com/guga31bb/nflfastR-data/raw/master/wordmarks/LV.png"
"84",2016,"MIA",1,16,17,0.0588235294117647,"Miami Dolphins","2700","Dolphins","#008e97","#f58220","#005778","#008e97","https://upload.wikimedia.org/wikipedia/en/thumb/3/37/Miami_Dolphins_logo.svg/100px-Miami_Dolphins_logo.svg.png","https://a.espncdn.com/i/teamlogos/nfl/500/mia.png","https://github.com/guga31bb/nflfastR-data/raw/master/wordmarks/MIA.png"
"85",2016,"MIN",6,17,23,0.260869565217391,"Minnesota Vikings","3000","Vikings","#4f2683","#ffc62f","#e9bf9b","#000000","https://upload.wikimedia.org/wikipedia/en/thumb/4/48/Minnesota_Vikings_logo.svg/98px-Minnesota_Vikings_logo.svg.png","https://a.espncdn.com/i/teamlogos/nfl/500/min.png","https://github.com/guga31bb/nflfastR-data/raw/master/wordmarks/MIN.png"
"86",2016,"NE",4,15,19,0.210526315789474,"New England Patriots","3200","Patriots","#002244","#c60c30","#b0b7bc","#001532","https://upload.wikimedia.org/wikipedia/en/thumb/b/b9/New_England_Patriots_logo.svg/100px-New_England_Patriots_logo.svg.png","https://a.espncdn.com/i/teamlogos/nfl/500/ne.png","https://github.com/guga31bb/nflfastR-data/raw/master/wordmarks/NE.png"
"87",2016,"NO",12,21,33,0.363636363636364,"New Orleans Saints","3300","Saints","#9f8958","#000000","#9f8958","#000000","https://upload.wikimedia.org/wikipedia/commons/thumb/5/50/New_Orleans_Saints_logo.svg/98px-New_Orleans_Saints_logo.svg.png","https://a.espncdn.com/i/teamlogos/nfl/500/no.png","https://github.com/guga31bb/nflfastR-data/raw/master/wordmarks/NO.png"
"88",2016,"NYG",12,27,39,0.307692307692308,"New York Giants","3410","Giants","#0b2265","#a71930","#a5acaf","#012352","https://upload.wikimedia.org/wikipedia/commons/thumb/6/60/New_York_Giants_logo.svg/100px-New_York_Giants_logo.svg.png","https://a.espncdn.com/i/teamlogos/nfl/500/nyg.png","https://github.com/guga31bb/nflfastR-data/raw/master/wordmarks/NYG.png"
"89",2016,"NYJ",5,26,31,0.161290322580645,"New York Jets","3430","Jets","#203731","#1c2d25",NA,NA,"https://upload.wikimedia.org/wikipedia/en/thumb/6/6b/New_York_Jets_logo.svg/100px-New_York_Jets_logo.svg.png","https://a.espncdn.com/i/teamlogos/nfl/500/nyj.png","https://github.com/guga31bb/nflfastR-data/raw/master/wordmarks/NYJ.png"
"90",2016,"PHI",12,13,25,0.48,"Philadelphia Eagles","3700","Eagles","#004953","#a5acaf","#acc0c6","#000000","https://upload.wikimedia.org/wikipedia/en/thumb/8/8e/Philadelphia_Eagles_logo.svg/100px-Philadelphia_Eagles_logo.svg.png","https://a.espncdn.com/i/teamlogos/nfl/500/phi.png","https://github.com/guga31bb/nflfastR-data/raw/master/wordmarks/PHI.png"
"91",2016,"PIT",8,23,31,0.258064516129032,"Pittsburgh Steelers","3900","Steelers","#000000","#ffb612","#c60c30","#00539b","https://upload.wikimedia.org/wikipedia/commons/thumb/d/de/Pittsburgh_Steelers_logo.svg/100px-Pittsburgh_Steelers_logo.svg.png","https://a.espncdn.com/i/teamlogos/nfl/500/pit.png","https://github.com/guga31bb/nflfastR-data/raw/master/wordmarks/PIT.png"
"92",2016,"SEA",7,17,24,0.291666666666667,"Seattle Seahawks","4600","Seahawks","#002244","#69be28","#a5acaf","#001532","https://upload.wikimedia.org/wikipedia/en/thumb/8/8e/Seattle_Seahawks_logo.svg/100px-Seattle_Seahawks_logo.svg.png","https://a.espncdn.com/i/teamlogos/nfl/500/sea.png","https://github.com/guga31bb/nflfastR-data/raw/master/wordmarks/SEA.png"
"93",2016,"SF",7,12,19,0.368421052631579,"San Francisco 49ers","4500","49ers","#aa0000","#b3995d","#000000","#a5acaf","https://upload.wikimedia.org/wikipedia/commons/thumb/3/3a/San_Francisco_49ers_logo.svg/100px-San_Francisco_49ers_logo.svg.png","https://a.espncdn.com/i/teamlogos/nfl/500/sf.png","https://github.com/guga31bb/nflfastR-data/raw/master/wordmarks/SF.png"
"94",2016,"TB",5,19,24,0.208333333333333,"Tampa Bay Buccaneers","4900","Buccaneers","#d50a0a","#34302b","#000000","#ff7900","https://upload.wikimedia.org/wikipedia/en/thumb/a/a2/Tampa_Bay_Buccaneers_logo.svg/100px-Tampa_Bay_Buccaneers_logo.svg.png","https://a.espncdn.com/i/teamlogos/nfl/500/tb.png","https://github.com/guga31bb/nflfastR-data/raw/master/wordmarks/TB.png"
"95",2016,"TEN",5,24,29,0.172413793103448,"Tennessee Titans","2100","Titans","#002244","#4b92db","#c60c30","#a5acaf","https://raw.githubusercontent.com/guga31bb/nflfastR-data/master/titans.png","https://a.espncdn.com/i/teamlogos/nfl/500/ten.png","https://github.com/guga31bb/nflfastR-data/raw/master/wordmarks/TEN.png"
"96",2016,"WAS",8,25,33,0.242424242424242,"Washington Football Team","5110","Football Team","#773141","#ffb612","#000000","#5b2b2f","https://upload.wikimedia.org/wikipedia/commons/thumb/7/72/Washington_football_team_wlogo.svg/100px-Washington_football_team_wlogo.svg.png","https://a.espncdn.com/i/teamlogos/nfl/500/wsh.png","https://github.com/guga31bb/nflfastR-data/raw/master/wordmarks/WAS.png"
"97",2017,"ARI",7,17,24,0.291666666666667,"Arizona Cardinals","3800","Cardinals","#97233f","#000000","#ffb612","#a5acaf","https://upload.wikimedia.org/wikipedia/en/thumb/7/72/Arizona_Cardinals_logo.svg/179px-Arizona_Cardinals_logo.svg.png","https://a.espncdn.com/i/teamlogos/nfl/500/ari.png","https://github.com/guga31bb/nflfastR-data/raw/master/wordmarks/ARI.png"
"98",2017,"ATL",13,21,34,0.382352941176471,"Atlanta Falcons","0200","Falcons","#a71930","#000000","#a5acaf","#a30d2d","https://upload.wikimedia.org/wikipedia/en/thumb/c/c5/Atlanta_Falcons_logo.svg/192px-Atlanta_Falcons_logo.svg.png","https://a.espncdn.com/i/teamlogos/nfl/500/atl.png","https://github.com/guga31bb/nflfastR-data/raw/master/wordmarks/ATL.png"
"99",2017,"BAL",8,12,20,0.4,"Baltimore Ravens","0325","Ravens","#241773","#000000","#9e7c0c","#c60c30","https://upload.wikimedia.org/wikipedia/en/thumb/1/16/Baltimore_Ravens_logo.svg/193px-Baltimore_Ravens_logo.svg.png","https://a.espncdn.com/i/teamlogos/nfl/500/bal.png","https://github.com/guga31bb/nflfastR-data/raw/master/wordmarks/BAL.png"
"100",2017,"BUF",5,19,24,0.208333333333333,"Buffalo Bills","0610","Bills","#00338d","#c60c30","#0c2e82","#d50a0a","https://upload.wikimedia.org/wikipedia/en/thumb/7/77/Buffalo_Bills_logo.svg/189px-Buffalo_Bills_logo.svg.png","https://a.espncdn.com/i/teamlogos/nfl/500/buf.png","https://github.com/guga31bb/nflfastR-data/raw/master/wordmarks/BUF.png"
"101",2017,"CAR",9,18,27,0.333333333333333,"Carolina Panthers","0750","Panthers","#0085ca","#000000","#bfc0bf","#0085ca","https://upload.wikimedia.org/wikipedia/en/thumb/1/1c/Carolina_Panthers_logo.svg/100px-Carolina_Panthers_logo.svg.png","https://a.espncdn.com/i/teamlogos/nfl/500-dark/car.png","https://github.com/guga31bb/nflfastR-data/raw/master/wordmarks/CAR.png"
"102",2017,"CHI",4,15,19,0.210526315789474,"Chicago Bears","0810","Bears","#0b162a","#c83803","#0b162a","#c83803","https://upload.wikimedia.org/wikipedia/commons/thumb/5/5c/Chicago_Bears_logo.svg/100px-Chicago_Bears_logo.svg.png","https://a.espncdn.com/i/teamlogos/nfl/500/chi.png","https://github.com/guga31bb/nflfastR-data/raw/master/wordmarks/CHI.png"
"103",2017,"CIN",4,15,19,0.210526315789474,"Cincinnati Bengals","0920","Bengals","#000000","#fb4f14","#000000","#d32f1e","https://upload.wikimedia.org/wikipedia/commons/thumb/8/81/Cincinnati_Bengals_logo.svg/100px-Cincinnati_Bengals_logo.svg.png","https://a.espncdn.com/i/teamlogos/nfl/500/cin.png","https://github.com/guga31bb/nflfastR-data/raw/master/wordmarks/CIN.png"
"104",2017,"CLE",9,5,14,0.642857142857143,"Cleveland Browns","1050","Browns","#fb4f14","#22150c","#a5acaf","#d32f1e","https://upload.wikimedia.org/wikipedia/en/thumb/d/d9/Cleveland_Browns_logo.svg/100px-Cleveland_Browns_logo.svg.png","https://a.espncdn.com/i/teamlogos/nfl/500/cle.png","https://github.com/guga31bb/nflfastR-data/raw/master/wordmarks/CLE.png"
"105",2017,"DAL",9,23,32,0.28125,"Dallas Cowboys","1200","Cowboys","#002244","#b0b7bc","#acc0c6","#a5acaf","https://upload.wikimedia.org/wikipedia/commons/thumb/1/15/Dallas_Cowboys.svg/100px-Dallas_Cowboys.svg.png","https://a.espncdn.com/i/teamlogos/nfl/500/dal.png","https://github.com/guga31bb/nflfastR-data/raw/master/wordmarks/DAL.png"
"106",2017,"DEN",10,10,20,0.5,"Denver Broncos","1400","Broncos","#002244","#fb4f14","#00234c","#ff5200","https://upload.wikimedia.org/wikipedia/en/thumb/4/44/Denver_Broncos_logo.svg/100px-Denver_Broncos_logo.svg.png","https://a.espncdn.com/i/teamlogos/nfl/500/den.png","https://github.com/guga31bb/nflfastR-data/raw/master/wordmarks/DEN.png"
"107",2017,"DET",5,20,25,0.2,"Detroit Lions","1540","Lions","#005a8b","#b0b7bc","#000000","#004e89","https://upload.wikimedia.org/wikipedia/en/thumb/7/71/Detroit_Lions_logo.svg/100px-Detroit_Lions_logo.svg.png","https://a.espncdn.com/i/teamlogos/nfl/500/det.png","https://github.com/guga31bb/nflfastR-data/raw/master/wordmarks/DET.png"
"108",2017,"GB",9,15,24,0.375,"Green Bay Packers","1800","Packers","#203731","#ffb612","#1c2d25","#eead1e","https://upload.wikimedia.org/wikipedia/commons/thumb/5/50/Green_Bay_Packers_logo.svg/100px-Green_Bay_Packers_logo.svg.png","https://a.espncdn.com/i/teamlogos/nfl/500/gb.png","https://github.com/guga31bb/nflfastR-data/raw/master/wordmarks/GB.png"
"109",2017,"HOU",4,17,21,0.19047619047619,"Houston Texans","2120","Texans","#03202f","#a71930","#00071c","#a30d2d","https://upload.wikimedia.org/wikipedia/en/thumb/2/28/Houston_Texans_logo.svg/100px-Houston_Texans_logo.svg.png","https://a.espncdn.com/i/teamlogos/nfl/500/hou.png","https://github.com/guga31bb/nflfastR-data/raw/master/wordmarks/HOU.png"
"110",2017,"IND",8,14,22,0.363636363636364,"Indianapolis Colts","2200","Colts","#002c5f","#a5acaf","#013369","#9ba1a2","https://upload.wikimedia.org/wikipedia/commons/thumb/0/00/Indianapolis_Colts_logo.svg/100px-Indianapolis_Colts_logo.svg.png","https://a.espncdn.com/i/teamlogos/nfl/500/ind.png","https://github.com/guga31bb/nflfastR-data/raw/master/wordmarks/IND.png"
"111",2017,"JAX",9,26,35,0.257142857142857,"Jacksonville Jaguars","2250","Jaguars","#000000","#006778","#9f792c","#d7a22a","https://upload.wikimedia.org/wikipedia/en/thumb/7/74/Jacksonville_Jaguars_logo.svg/100px-Jacksonville_Jaguars_logo.svg.png","https://a.espncdn.com/i/teamlogos/nfl/500/jax.png","https://github.com/guga31bb/nflfastR-data/raw/master/wordmarks/JAX.png"
"112",2017,"KC",9,19,28,0.321428571428571,"Kansas City Chiefs","2310","Chiefs","#e31837","#ffb612","#000000","#e31837","https://upload.wikimedia.org/wikipedia/en/thumb/e/e1/Kansas_City_Chiefs_logo.svg/100px-Kansas_City_Chiefs_logo.svg.png","https://a.espncdn.com/i/teamlogos/nfl/500/kc.png","https://github.com/guga31bb/nflfastR-data/raw/master/wordmarks/KC.png"
"113",2017,"LA",6,17,23,0.260869565217391,"Los Angeles Rams","2510","Rams","#002244","#b3995d","#001532","#af925d","https://upload.wikimedia.org/wikipedia/en/thumb/8/8a/Los_Angeles_Rams_logo.svg/100px-Los_Angeles_Rams_logo.svg.png","https://a.espncdn.com/i/teamlogos/nfl/500/lar.png","https://github.com/guga31bb/nflfastR-data/raw/master/wordmarks/LA.png"
"114",2017,"LAC",7,20,27,0.259259259259259,"Los Angeles Chargers","4400","Chargers","#002244","#0073cf","#ffb612","#001532","https://upload.wikimedia.org/wikipedia/en/thumb/7/72/NFL_Chargers_logo.svg/100px-NFL_Chargers_logo.svg.png","https://a.espncdn.com/i/teamlogos/nfl/500/lac.png","https://github.com/guga31bb/nflfastR-data/raw/master/wordmarks/LAC.png"
"115",2017,"LV",10,16,26,0.384615384615385,"Las Vegas Raiders","2520","Raiders","#a5acaf","#000000","#a6aeb0","#000000","https://upload.wikimedia.org/wikipedia/en/thumb/4/48/Las_Vegas_Raiders_logo.svg/100px-Las_Vegas_Raiders_logo.svg.png","https://a.espncdn.com/i/teamlogos/nfl/500/lv.png","https://github.com/guga31bb/nflfastR-data/raw/master/wordmarks/LV.png"
"116",2017,"MIA",3,12,15,0.2,"Miami Dolphins","2700","Dolphins","#008e97","#f58220","#005778","#008e97","https://upload.wikimedia.org/wikipedia/en/thumb/3/37/Miami_Dolphins_logo.svg/100px-Miami_Dolphins_logo.svg.png","https://a.espncdn.com/i/teamlogos/nfl/500/mia.png","https://github.com/guga31bb/nflfastR-data/raw/master/wordmarks/MIA.png"
"117",2017,"MIN",3,16,19,0.157894736842105,"Minnesota Vikings","3000","Vikings","#4f2683","#ffc62f","#e9bf9b","#000000","https://upload.wikimedia.org/wikipedia/en/thumb/4/48/Minnesota_Vikings_logo.svg/98px-Minnesota_Vikings_logo.svg.png","https://a.espncdn.com/i/teamlogos/nfl/500/min.png","https://github.com/guga31bb/nflfastR-data/raw/master/wordmarks/MIN.png"
"118",2017,"NE",10,24,34,0.294117647058824,"New England Patriots","3200","Patriots","#002244","#c60c30","#b0b7bc","#001532","https://upload.wikimedia.org/wikipedia/en/thumb/b/b9/New_England_Patriots_logo.svg/100px-New_England_Patriots_logo.svg.png","https://a.espncdn.com/i/teamlogos/nfl/500/ne.png","https://github.com/guga31bb/nflfastR-data/raw/master/wordmarks/NE.png"
"119",2017,"NO",9,20,29,0.310344827586207,"New Orleans Saints","3300","Saints","#9f8958","#000000","#9f8958","#000000","https://upload.wikimedia.org/wikipedia/commons/thumb/5/50/New_Orleans_Saints_logo.svg/98px-New_Orleans_Saints_logo.svg.png","https://a.espncdn.com/i/teamlogos/nfl/500/no.png","https://github.com/guga31bb/nflfastR-data/raw/master/wordmarks/NO.png"
"120",2017,"NYG",8,23,31,0.258064516129032,"New York Giants","3410","Giants","#0b2265","#a71930","#a5acaf","#012352","https://upload.wikimedia.org/wikipedia/commons/thumb/6/60/New_York_Giants_logo.svg/100px-New_York_Giants_logo.svg.png","https://a.espncdn.com/i/teamlogos/nfl/500/nyg.png","https://github.com/guga31bb/nflfastR-data/raw/master/wordmarks/NYG.png"
"121",2017,"NYJ",4,18,22,0.181818181818182,"New York Jets","3430","Jets","#203731","#1c2d25",NA,NA,"https://upload.wikimedia.org/wikipedia/en/thumb/6/6b/New_York_Jets_logo.svg/100px-New_York_Jets_logo.svg.png","https://a.espncdn.com/i/teamlogos/nfl/500/nyj.png","https://github.com/guga31bb/nflfastR-data/raw/master/wordmarks/NYJ.png"
"122",2017,"PHI",15,14,29,0.517241379310345,"Philadelphia Eagles","3700","Eagles","#004953","#a5acaf","#acc0c6","#000000","https://upload.wikimedia.org/wikipedia/en/thumb/8/8e/Philadelphia_Eagles_logo.svg/100px-Philadelphia_Eagles_logo.svg.png","https://a.espncdn.com/i/teamlogos/nfl/500/phi.png","https://github.com/guga31bb/nflfastR-data/raw/master/wordmarks/PHI.png"
"123",2017,"PIT",6,20,26,0.230769230769231,"Pittsburgh Steelers","3900","Steelers","#000000","#ffb612","#c60c30","#00539b","https://upload.wikimedia.org/wikipedia/commons/thumb/d/de/Pittsburgh_Steelers_logo.svg/100px-Pittsburgh_Steelers_logo.svg.png","https://a.espncdn.com/i/teamlogos/nfl/500/pit.png","https://github.com/guga31bb/nflfastR-data/raw/master/wordmarks/PIT.png"
"124",2017,"SEA",6,25,31,0.193548387096774,"Seattle Seahawks","4600","Seahawks","#002244","#69be28","#a5acaf","#001532","https://upload.wikimedia.org/wikipedia/en/thumb/8/8e/Seattle_Seahawks_logo.svg/100px-Seattle_Seahawks_logo.svg.png","https://a.espncdn.com/i/teamlogos/nfl/500/sea.png","https://github.com/guga31bb/nflfastR-data/raw/master/wordmarks/SEA.png"
"125",2017,"SF",8,10,18,0.444444444444444,"San Francisco 49ers","4500","49ers","#aa0000","#b3995d","#000000","#a5acaf","https://upload.wikimedia.org/wikipedia/commons/thumb/3/3a/San_Francisco_49ers_logo.svg/100px-San_Francisco_49ers_logo.svg.png","https://a.espncdn.com/i/teamlogos/nfl/500/sf.png","https://github.com/guga31bb/nflfastR-data/raw/master/wordmarks/SF.png"
"126",2017,"TB",3,19,22,0.136363636363636,"Tampa Bay Buccaneers","4900","Buccaneers","#d50a0a","#34302b","#000000","#ff7900","https://upload.wikimedia.org/wikipedia/en/thumb/a/a2/Tampa_Bay_Buccaneers_logo.svg/100px-Tampa_Bay_Buccaneers_logo.svg.png","https://a.espncdn.com/i/teamlogos/nfl/500/tb.png","https://github.com/guga31bb/nflfastR-data/raw/master/wordmarks/TB.png"
"127",2017,"TEN",7,26,33,0.212121212121212,"Tennessee Titans","2100","Titans","#002244","#4b92db","#c60c30","#a5acaf","https://raw.githubusercontent.com/guga31bb/nflfastR-data/master/titans.png","https://a.espncdn.com/i/teamlogos/nfl/500/ten.png","https://github.com/guga31bb/nflfastR-data/raw/master/wordmarks/TEN.png"
"128",2017,"WAS",8,24,32,0.25,"Washington Football Team","5110","Football Team","#773141","#ffb612","#000000","#5b2b2f","https://upload.wikimedia.org/wikipedia/commons/thumb/7/72/Washington_football_team_wlogo.svg/100px-Washington_football_team_wlogo.svg.png","https://a.espncdn.com/i/teamlogos/nfl/500/wsh.png","https://github.com/guga31bb/nflfastR-data/raw/master/wordmarks/WAS.png"
"129",2018,"ARI",3,13,16,0.1875,"Arizona Cardinals","3800","Cardinals","#97233f","#000000","#ffb612","#a5acaf","https://upload.wikimedia.org/wikipedia/en/thumb/7/72/Arizona_Cardinals_logo.svg/179px-Arizona_Cardinals_logo.svg.png","https://a.espncdn.com/i/teamlogos/nfl/500/ari.png","https://github.com/guga31bb/nflfastR-data/raw/master/wordmarks/ARI.png"
"130",2018,"ATL",8,14,22,0.363636363636364,"Atlanta Falcons","0200","Falcons","#a71930","#000000","#a5acaf","#a30d2d","https://upload.wikimedia.org/wikipedia/en/thumb/c/c5/Atlanta_Falcons_logo.svg/192px-Atlanta_Falcons_logo.svg.png","https://a.espncdn.com/i/teamlogos/nfl/500/atl.png","https://github.com/guga31bb/nflfastR-data/raw/master/wordmarks/ATL.png"
"131",2018,"BAL",17,18,35,0.485714285714286,"Baltimore Ravens","0325","Ravens","#241773","#000000","#9e7c0c","#c60c30","https://upload.wikimedia.org/wikipedia/en/thumb/1/16/Baltimore_Ravens_logo.svg/193px-Baltimore_Ravens_logo.svg.png","https://a.espncdn.com/i/teamlogos/nfl/500/bal.png","https://github.com/guga31bb/nflfastR-data/raw/master/wordmarks/BAL.png"
"132",2018,"BUF",8,9,17,0.470588235294118,"Buffalo Bills","0610","Bills","#00338d","#c60c30","#0c2e82","#d50a0a","https://upload.wikimedia.org/wikipedia/en/thumb/7/77/Buffalo_Bills_logo.svg/189px-Buffalo_Bills_logo.svg.png","https://a.espncdn.com/i/teamlogos/nfl/500/buf.png","https://github.com/guga31bb/nflfastR-data/raw/master/wordmarks/BUF.png"
"133",2018,"CAR",11,11,22,0.5,"Carolina Panthers","0750","Panthers","#0085ca","#000000","#bfc0bf","#0085ca","https://upload.wikimedia.org/wikipedia/en/thumb/1/1c/Carolina_Panthers_logo.svg/100px-Carolina_Panthers_logo.svg.png","https://a.espncdn.com/i/teamlogos/nfl/500-dark/car.png","https://github.com/guga31bb/nflfastR-data/raw/master/wordmarks/CAR.png"
"134",2018,"CHI",11,15,26,0.423076923076923,"Chicago Bears","0810","Bears","#0b162a","#c83803","#0b162a","#c83803","https://upload.wikimedia.org/wikipedia/commons/thumb/5/5c/Chicago_Bears_logo.svg/100px-Chicago_Bears_logo.svg.png","https://a.espncdn.com/i/teamlogos/nfl/500/chi.png","https://github.com/guga31bb/nflfastR-data/raw/master/wordmarks/CHI.png"
"135",2018,"CIN",9,13,22,0.409090909090909,"Cincinnati Bengals","0920","Bengals","#000000","#fb4f14","#000000","#d32f1e","https://upload.wikimedia.org/wikipedia/commons/thumb/8/81/Cincinnati_Bengals_logo.svg/100px-Cincinnati_Bengals_logo.svg.png","https://a.espncdn.com/i/teamlogos/nfl/500/cin.png","https://github.com/guga31bb/nflfastR-data/raw/master/wordmarks/CIN.png"
"136",2018,"CLE",11,15,26,0.423076923076923,"Cleveland Browns","1050","Browns","#fb4f14","#22150c","#a5acaf","#d32f1e","https://upload.wikimedia.org/wikipedia/en/thumb/d/d9/Cleveland_Browns_logo.svg/100px-Cleveland_Browns_logo.svg.png","https://a.espncdn.com/i/teamlogos/nfl/500/cle.png","https://github.com/guga31bb/nflfastR-data/raw/master/wordmarks/CLE.png"
"137",2018,"DAL",15,18,33,0.454545454545455,"Dallas Cowboys","1200","Cowboys","#002244","#b0b7bc","#acc0c6","#a5acaf","https://upload.wikimedia.org/wikipedia/commons/thumb/1/15/Dallas_Cowboys.svg/100px-Dallas_Cowboys.svg.png","https://a.espncdn.com/i/teamlogos/nfl/500/dal.png","https://github.com/guga31bb/nflfastR-data/raw/master/wordmarks/DAL.png"
"138",2018,"DEN",15,29,44,0.340909090909091,"Denver Broncos","1400","Broncos","#002244","#fb4f14","#00234c","#ff5200","https://upload.wikimedia.org/wikipedia/en/thumb/4/44/Denver_Broncos_logo.svg/100px-Denver_Broncos_logo.svg.png","https://a.espncdn.com/i/teamlogos/nfl/500/den.png","https://github.com/guga31bb/nflfastR-data/raw/master/wordmarks/DEN.png"
"139",2018,"DET",3,21,24,0.125,"Detroit Lions","1540","Lions","#005a8b","#b0b7bc","#000000","#004e89","https://upload.wikimedia.org/wikipedia/en/thumb/7/71/Detroit_Lions_logo.svg/100px-Detroit_Lions_logo.svg.png","https://a.espncdn.com/i/teamlogos/nfl/500/det.png","https://github.com/guga31bb/nflfastR-data/raw/master/wordmarks/DET.png"
"140",2018,"GB",9,22,31,0.290322580645161,"Green Bay Packers","1800","Packers","#203731","#ffb612","#1c2d25","#eead1e","https://upload.wikimedia.org/wikipedia/commons/thumb/5/50/Green_Bay_Packers_logo.svg/100px-Green_Bay_Packers_logo.svg.png","https://a.espncdn.com/i/teamlogos/nfl/500/gb.png","https://github.com/guga31bb/nflfastR-data/raw/master/wordmarks/GB.png"
"141",2018,"HOU",6,20,26,0.230769230769231,"Houston Texans","2120","Texans","#03202f","#a71930","#00071c","#a30d2d","https://upload.wikimedia.org/wikipedia/en/thumb/2/28/Houston_Texans_logo.svg/100px-Houston_Texans_logo.svg.png","https://a.espncdn.com/i/teamlogos/nfl/500/hou.png","https://github.com/guga31bb/nflfastR-data/raw/master/wordmarks/HOU.png"
"142",2018,"IND",9,22,31,0.290322580645161,"Indianapolis Colts","2200","Colts","#002c5f","#a5acaf","#013369","#9ba1a2","https://upload.wikimedia.org/wikipedia/commons/thumb/0/00/Indianapolis_Colts_logo.svg/100px-Indianapolis_Colts_logo.svg.png","https://a.espncdn.com/i/teamlogos/nfl/500/ind.png","https://github.com/guga31bb/nflfastR-data/raw/master/wordmarks/IND.png"
"143",2018,"JAX",6,24,30,0.2,"Jacksonville Jaguars","2250","Jaguars","#000000","#006778","#9f792c","#d7a22a","https://upload.wikimedia.org/wikipedia/en/thumb/7/74/Jacksonville_Jaguars_logo.svg/100px-Jacksonville_Jaguars_logo.svg.png","https://a.espncdn.com/i/teamlogos/nfl/500/jax.png","https://github.com/guga31bb/nflfastR-data/raw/master/wordmarks/JAX.png"
"144",2018,"KC",11,14,25,0.44,"Kansas City Chiefs","2310","Chiefs","#e31837","#ffb612","#000000","#e31837","https://upload.wikimedia.org/wikipedia/en/thumb/e/e1/Kansas_City_Chiefs_logo.svg/100px-Kansas_City_Chiefs_logo.svg.png","https://a.espncdn.com/i/teamlogos/nfl/500/kc.png","https://github.com/guga31bb/nflfastR-data/raw/master/wordmarks/KC.png"
"145",2018,"LA",10,27,37,0.27027027027027,"Los Angeles Rams","2510","Rams","#002244","#b3995d","#001532","#af925d","https://upload.wikimedia.org/wikipedia/en/thumb/8/8a/Los_Angeles_Rams_logo.svg/100px-Los_Angeles_Rams_logo.svg.png","https://a.espncdn.com/i/teamlogos/nfl/500/lar.png","https://github.com/guga31bb/nflfastR-data/raw/master/wordmarks/LA.png"
"146",2018,"LAC",5,21,26,0.192307692307692,"Los Angeles Chargers","4400","Chargers","#002244","#0073cf","#ffb612","#001532","https://upload.wikimedia.org/wikipedia/en/thumb/7/72/NFL_Chargers_logo.svg/100px-NFL_Chargers_logo.svg.png","https://a.espncdn.com/i/teamlogos/nfl/500/lac.png","https://github.com/guga31bb/nflfastR-data/raw/master/wordmarks/LAC.png"
"147",2018,"LV",8,10,18,0.444444444444444,"Las Vegas Raiders","2520","Raiders","#a5acaf","#000000","#a6aeb0","#000000","https://upload.wikimedia.org/wikipedia/en/thumb/4/48/Las_Vegas_Raiders_logo.svg/100px-Las_Vegas_Raiders_logo.svg.png","https://a.espncdn.com/i/teamlogos/nfl/500/lv.png","https://github.com/guga31bb/nflfastR-data/raw/master/wordmarks/LV.png"
"148",2018,"MIA",5,20,25,0.2,"Miami Dolphins","2700","Dolphins","#008e97","#f58220","#005778","#008e97","https://upload.wikimedia.org/wikipedia/en/thumb/3/37/Miami_Dolphins_logo.svg/100px-Miami_Dolphins_logo.svg.png","https://a.espncdn.com/i/teamlogos/nfl/500/mia.png","https://github.com/guga31bb/nflfastR-data/raw/master/wordmarks/MIA.png"
"149",2018,"MIN",12,13,25,0.48,"Minnesota Vikings","3000","Vikings","#4f2683","#ffc62f","#e9bf9b","#000000","https://upload.wikimedia.org/wikipedia/en/thumb/4/48/Minnesota_Vikings_logo.svg/98px-Minnesota_Vikings_logo.svg.png","https://a.espncdn.com/i/teamlogos/nfl/500/min.png","https://github.com/guga31bb/nflfastR-data/raw/master/wordmarks/MIN.png"
"150",2018,"NE",10,30,40,0.25,"New England Patriots","3200","Patriots","#002244","#c60c30","#b0b7bc","#001532","https://upload.wikimedia.org/wikipedia/en/thumb/b/b9/New_England_Patriots_logo.svg/100px-New_England_Patriots_logo.svg.png","https://a.espncdn.com/i/teamlogos/nfl/500/ne.png","https://github.com/guga31bb/nflfastR-data/raw/master/wordmarks/NE.png"
"151",2018,"NO",15,17,32,0.46875,"New Orleans Saints","3300","Saints","#9f8958","#000000","#9f8958","#000000","https://upload.wikimedia.org/wikipedia/commons/thumb/5/50/New_Orleans_Saints_logo.svg/98px-New_Orleans_Saints_logo.svg.png","https://a.espncdn.com/i/teamlogos/nfl/500/no.png","https://github.com/guga31bb/nflfastR-data/raw/master/wordmarks/NO.png"
"152",2018,"NYG",11,12,23,0.478260869565217,"New York Giants","3410","Giants","#0b2265","#a71930","#a5acaf","#012352","https://upload.wikimedia.org/wikipedia/commons/thumb/6/60/New_York_Giants_logo.svg/100px-New_York_Giants_logo.svg.png","https://a.espncdn.com/i/teamlogos/nfl/500/nyg.png","https://github.com/guga31bb/nflfastR-data/raw/master/wordmarks/NYG.png"
"153",2018,"NYJ",9,10,19,0.473684210526316,"New York Jets","3430","Jets","#203731","#1c2d25",NA,NA,"https://upload.wikimedia.org/wikipedia/en/thumb/6/6b/New_York_Jets_logo.svg/100px-New_York_Jets_logo.svg.png","https://a.espncdn.com/i/teamlogos/nfl/500/nyj.png","https://github.com/guga31bb/nflfastR-data/raw/master/wordmarks/NYJ.png"
"154",2018,"PHI",20,22,42,0.476190476190476,"Philadelphia Eagles","3700","Eagles","#004953","#a5acaf","#acc0c6","#000000","https://upload.wikimedia.org/wikipedia/en/thumb/8/8e/Philadelphia_Eagles_logo.svg/100px-Philadelphia_Eagles_logo.svg.png","https://a.espncdn.com/i/teamlogos/nfl/500/phi.png","https://github.com/guga31bb/nflfastR-data/raw/master/wordmarks/PHI.png"
"155",2018,"PIT",10,20,30,0.333333333333333,"Pittsburgh Steelers","3900","Steelers","#000000","#ffb612","#c60c30","#00539b","https://upload.wikimedia.org/wikipedia/commons/thumb/d/de/Pittsburgh_Steelers_logo.svg/100px-Pittsburgh_Steelers_logo.svg.png","https://a.espncdn.com/i/teamlogos/nfl/500/pit.png","https://github.com/guga31bb/nflfastR-data/raw/master/wordmarks/PIT.png"
"156",2018,"SEA",11,15,26,0.423076923076923,"Seattle Seahawks","4600","Seahawks","#002244","#69be28","#a5acaf","#001532","https://upload.wikimedia.org/wikipedia/en/thumb/8/8e/Seattle_Seahawks_logo.svg/100px-Seattle_Seahawks_logo.svg.png","https://a.espncdn.com/i/teamlogos/nfl/500/sea.png","https://github.com/guga31bb/nflfastR-data/raw/master/wordmarks/SEA.png"
"157",2018,"SF",4,13,17,0.235294117647059,"San Francisco 49ers","4500","49ers","#aa0000","#b3995d","#000000","#a5acaf","https://upload.wikimedia.org/wikipedia/commons/thumb/3/3a/San_Francisco_49ers_logo.svg/100px-San_Francisco_49ers_logo.svg.png","https://a.espncdn.com/i/teamlogos/nfl/500/sf.png","https://github.com/guga31bb/nflfastR-data/raw/master/wordmarks/SF.png"
"158",2018,"TB",10,9,19,0.526315789473684,"Tampa Bay Buccaneers","4900","Buccaneers","#d50a0a","#34302b","#000000","#ff7900","https://upload.wikimedia.org/wikipedia/en/thumb/a/a2/Tampa_Bay_Buccaneers_logo.svg/100px-Tampa_Bay_Buccaneers_logo.svg.png","https://a.espncdn.com/i/teamlogos/nfl/500/tb.png","https://github.com/guga31bb/nflfastR-data/raw/master/wordmarks/TB.png"
"159",2018,"TEN",6,19,25,0.24,"Tennessee Titans","2100","Titans","#002244","#4b92db","#c60c30","#a5acaf","https://raw.githubusercontent.com/guga31bb/nflfastR-data/master/titans.png","https://a.espncdn.com/i/teamlogos/nfl/500/ten.png","https://github.com/guga31bb/nflfastR-data/raw/master/wordmarks/TEN.png"
"160",2018,"WAS",4,14,18,0.222222222222222,"Washington Football Team","5110","Football Team","#773141","#ffb612","#000000","#5b2b2f","https://upload.wikimedia.org/wikipedia/commons/thumb/7/72/Washington_football_team_wlogo.svg/100px-Washington_football_team_wlogo.svg.png","https://a.espncdn.com/i/teamlogos/nfl/500/wsh.png","https://github.com/guga31bb/nflfastR-data/raw/master/wordmarks/WAS.png"
"161",2019,"ARI",11,18,29,0.379310344827586,"Arizona Cardinals","3800","Cardinals","#97233f","#000000","#ffb612","#a5acaf","https://upload.wikimedia.org/wikipedia/en/thumb/7/72/Arizona_Cardinals_logo.svg/179px-Arizona_Cardinals_logo.svg.png","https://a.espncdn.com/i/teamlogos/nfl/500/ari.png","https://github.com/guga31bb/nflfastR-data/raw/master/wordmarks/ARI.png"
"162",2019,"ATL",13,11,24,0.541666666666667,"Atlanta Falcons","0200","Falcons","#a71930","#000000","#a5acaf","#a30d2d","https://upload.wikimedia.org/wikipedia/en/thumb/c/c5/Atlanta_Falcons_logo.svg/192px-Atlanta_Falcons_logo.svg.png","https://a.espncdn.com/i/teamlogos/nfl/500/atl.png","https://github.com/guga31bb/nflfastR-data/raw/master/wordmarks/ATL.png"
"163",2019,"BAL",15,9,24,0.625,"Baltimore Ravens","0325","Ravens","#241773","#000000","#9e7c0c","#c60c30","https://upload.wikimedia.org/wikipedia/en/thumb/1/16/Baltimore_Ravens_logo.svg/193px-Baltimore_Ravens_logo.svg.png","https://a.espncdn.com/i/teamlogos/nfl/500/bal.png","https://github.com/guga31bb/nflfastR-data/raw/master/wordmarks/BAL.png"
"164",2019,"BUF",13,9,22,0.590909090909091,"Buffalo Bills","0610","Bills","#00338d","#c60c30","#0c2e82","#d50a0a","https://upload.wikimedia.org/wikipedia/en/thumb/7/77/Buffalo_Bills_logo.svg/189px-Buffalo_Bills_logo.svg.png","https://a.espncdn.com/i/teamlogos/nfl/500/buf.png","https://github.com/guga31bb/nflfastR-data/raw/master/wordmarks/BUF.png"
"165",2019,"CAR",8,10,18,0.444444444444444,"Carolina Panthers","0750","Panthers","#0085ca","#000000","#bfc0bf","#0085ca","https://upload.wikimedia.org/wikipedia/en/thumb/1/1c/Carolina_Panthers_logo.svg/100px-Carolina_Panthers_logo.svg.png","https://a.espncdn.com/i/teamlogos/nfl/500-dark/car.png","https://github.com/guga31bb/nflfastR-data/raw/master/wordmarks/CAR.png"
"166",2019,"CHI",10,12,22,0.454545454545455,"Chicago Bears","0810","Bears","#0b162a","#c83803","#0b162a","#c83803","https://upload.wikimedia.org/wikipedia/commons/thumb/5/5c/Chicago_Bears_logo.svg/100px-Chicago_Bears_logo.svg.png","https://a.espncdn.com/i/teamlogos/nfl/500/chi.png","https://github.com/guga31bb/nflfastR-data/raw/master/wordmarks/CHI.png"
"167",2019,"CIN",7,8,15,0.466666666666667,"Cincinnati Bengals","0920","Bengals","#000000","#fb4f14","#000000","#d32f1e","https://upload.wikimedia.org/wikipedia/commons/thumb/8/81/Cincinnati_Bengals_logo.svg/100px-Cincinnati_Bengals_logo.svg.png","https://a.espncdn.com/i/teamlogos/nfl/500/cin.png","https://github.com/guga31bb/nflfastR-data/raw/master/wordmarks/CIN.png"
"168",2019,"CLE",12,6,18,0.666666666666667,"Cleveland Browns","1050","Browns","#fb4f14","#22150c","#a5acaf","#d32f1e","https://upload.wikimedia.org/wikipedia/en/thumb/d/d9/Cleveland_Browns_logo.svg/100px-Cleveland_Browns_logo.svg.png","https://a.espncdn.com/i/teamlogos/nfl/500/cle.png","https://github.com/guga31bb/nflfastR-data/raw/master/wordmarks/CLE.png"
"169",2019,"DAL",13,16,29,0.448275862068966,"Dallas Cowboys","1200","Cowboys","#002244","#b0b7bc","#acc0c6","#a5acaf","https://upload.wikimedia.org/wikipedia/commons/thumb/1/15/Dallas_Cowboys.svg/100px-Dallas_Cowboys.svg.png","https://a.espncdn.com/i/teamlogos/nfl/500/dal.png","https://github.com/guga31bb/nflfastR-data/raw/master/wordmarks/DAL.png"
"170",2019,"DEN",8,13,21,0.380952380952381,"Denver Broncos","1400","Broncos","#002244","#fb4f14","#00234c","#ff5200","https://upload.wikimedia.org/wikipedia/en/thumb/4/44/Denver_Broncos_logo.svg/100px-Denver_Broncos_logo.svg.png","https://a.espncdn.com/i/teamlogos/nfl/500/den.png","https://github.com/guga31bb/nflfastR-data/raw/master/wordmarks/DEN.png"
"171",2019,"DET",8,20,28,0.285714285714286,"Detroit Lions","1540","Lions","#005a8b","#b0b7bc","#000000","#004e89","https://upload.wikimedia.org/wikipedia/en/thumb/7/71/Detroit_Lions_logo.svg/100px-Detroit_Lions_logo.svg.png","https://a.espncdn.com/i/teamlogos/nfl/500/det.png","https://github.com/guga31bb/nflfastR-data/raw/master/wordmarks/DET.png"
"172",2019,"GB",6,13,19,0.315789473684211,"Green Bay Packers","1800","Packers","#203731","#ffb612","#1c2d25","#eead1e","https://upload.wikimedia.org/wikipedia/commons/thumb/5/50/Green_Bay_Packers_logo.svg/100px-Green_Bay_Packers_logo.svg.png","https://a.espncdn.com/i/teamlogos/nfl/500/gb.png","https://github.com/guga31bb/nflfastR-data/raw/master/wordmarks/GB.png"
"173",2019,"HOU",14,9,23,0.608695652173913,"Houston Texans","2120","Texans","#03202f","#a71930","#00071c","#a30d2d","https://upload.wikimedia.org/wikipedia/en/thumb/2/28/Houston_Texans_logo.svg/100px-Houston_Texans_logo.svg.png","https://a.espncdn.com/i/teamlogos/nfl/500/hou.png","https://github.com/guga31bb/nflfastR-data/raw/master/wordmarks/HOU.png"
"174",2019,"IND",15,18,33,0.454545454545455,"Indianapolis Colts","2200","Colts","#002c5f","#a5acaf","#013369","#9ba1a2","https://upload.wikimedia.org/wikipedia/commons/thumb/0/00/Indianapolis_Colts_logo.svg/100px-Indianapolis_Colts_logo.svg.png","https://a.espncdn.com/i/teamlogos/nfl/500/ind.png","https://github.com/guga31bb/nflfastR-data/raw/master/wordmarks/IND.png"
"175",2019,"JAX",8,10,18,0.444444444444444,"Jacksonville Jaguars","2250","Jaguars","#000000","#006778","#9f792c","#d7a22a","https://upload.wikimedia.org/wikipedia/en/thumb/7/74/Jacksonville_Jaguars_logo.svg/100px-Jacksonville_Jaguars_logo.svg.png","https://a.espncdn.com/i/teamlogos/nfl/500/jax.png","https://github.com/guga31bb/nflfastR-data/raw/master/wordmarks/JAX.png"
"176",2019,"KC",11,10,21,0.523809523809524,"Kansas City Chiefs","2310","Chiefs","#e31837","#ffb612","#000000","#e31837","https://upload.wikimedia.org/wikipedia/en/thumb/e/e1/Kansas_City_Chiefs_logo.svg/100px-Kansas_City_Chiefs_logo.svg.png","https://a.espncdn.com/i/teamlogos/nfl/500/kc.png","https://github.com/guga31bb/nflfastR-data/raw/master/wordmarks/KC.png"
"177",2019,"LA",9,18,27,0.333333333333333,"Los Angeles Rams","2510","Rams","#002244","#b3995d","#001532","#af925d","https://upload.wikimedia.org/wikipedia/en/thumb/8/8a/Los_Angeles_Rams_logo.svg/100px-Los_Angeles_Rams_logo.svg.png","https://a.espncdn.com/i/teamlogos/nfl/500/lar.png","https://github.com/guga31bb/nflfastR-data/raw/master/wordmarks/LA.png"
"178",2019,"LAC",12,21,33,0.363636363636364,"Los Angeles Chargers","4400","Chargers","#002244","#0073cf","#ffb612","#001532","https://upload.wikimedia.org/wikipedia/en/thumb/7/72/NFL_Chargers_logo.svg/100px-NFL_Chargers_logo.svg.png","https://a.espncdn.com/i/teamlogos/nfl/500/lac.png","https://github.com/guga31bb/nflfastR-data/raw/master/wordmarks/LAC.png"
"179",2019,"LV",10,11,21,0.476190476190476,"Las Vegas Raiders","2520","Raiders","#a5acaf","#000000","#a6aeb0","#000000","https://upload.wikimedia.org/wikipedia/en/thumb/4/48/Las_Vegas_Raiders_logo.svg/100px-Las_Vegas_Raiders_logo.svg.png","https://a.espncdn.com/i/teamlogos/nfl/500/lv.png","https://github.com/guga31bb/nflfastR-data/raw/master/wordmarks/LV.png"
"180",2019,"MIA",8,8,16,0.5,"Miami Dolphins","2700","Dolphins","#008e97","#f58220","#005778","#008e97","https://upload.wikimedia.org/wikipedia/en/thumb/3/37/Miami_Dolphins_logo.svg/100px-Miami_Dolphins_logo.svg.png","https://a.espncdn.com/i/teamlogos/nfl/500/mia.png","https://github.com/guga31bb/nflfastR-data/raw/master/wordmarks/MIA.png"
"181",2019,"MIN",8,12,20,0.4,"Minnesota Vikings","3000","Vikings","#4f2683","#ffc62f","#e9bf9b","#000000","https://upload.wikimedia.org/wikipedia/en/thumb/4/48/Minnesota_Vikings_logo.svg/98px-Minnesota_Vikings_logo.svg.png","https://a.espncdn.com/i/teamlogos/nfl/500/min.png","https://github.com/guga31bb/nflfastR-data/raw/master/wordmarks/MIN.png"
"182",2019,"NE",7,17,24,0.291666666666667,"New England Patriots","3200","Patriots","#002244","#c60c30","#b0b7bc","#001532","https://upload.wikimedia.org/wikipedia/en/thumb/b/b9/New_England_Patriots_logo.svg/100px-New_England_Patriots_logo.svg.png","https://a.espncdn.com/i/teamlogos/nfl/500/ne.png","https://github.com/guga31bb/nflfastR-data/raw/master/wordmarks/NE.png"
"183",2019,"NO",11,19,30,0.366666666666667,"New Orleans Saints","3300","Saints","#9f8958","#000000","#9f8958","#000000","https://upload.wikimedia.org/wikipedia/commons/thumb/5/50/New_Orleans_Saints_logo.svg/98px-New_Orleans_Saints_logo.svg.png","https://a.espncdn.com/i/teamlogos/nfl/500/no.png","https://github.com/guga31bb/nflfastR-data/raw/master/wordmarks/NO.png"
"184",2019,"NYG",15,17,32,0.46875,"New York Giants","3410","Giants","#0b2265","#a71930","#a5acaf","#012352","https://upload.wikimedia.org/wikipedia/commons/thumb/6/60/New_York_Giants_logo.svg/100px-New_York_Giants_logo.svg.png","https://a.espncdn.com/i/teamlogos/nfl/500/nyg.png","https://github.com/guga31bb/nflfastR-data/raw/master/wordmarks/NYG.png"
"185",2019,"NYJ",9,8,17,0.529411764705882,"New York Jets","3430","Jets","#203731","#1c2d25",NA,NA,"https://upload.wikimedia.org/wikipedia/en/thumb/6/6b/New_York_Jets_logo.svg/100px-New_York_Jets_logo.svg.png","https://a.espncdn.com/i/teamlogos/nfl/500/nyj.png","https://github.com/guga31bb/nflfastR-data/raw/master/wordmarks/NYJ.png"
"186",2019,"PHI",17,10,27,0.62962962962963,"Philadelphia Eagles","3700","Eagles","#004953","#a5acaf","#acc0c6","#000000","https://upload.wikimedia.org/wikipedia/en/thumb/8/8e/Philadelphia_Eagles_logo.svg/100px-Philadelphia_Eagles_logo.svg.png","https://a.espncdn.com/i/teamlogos/nfl/500/phi.png","https://github.com/guga31bb/nflfastR-data/raw/master/wordmarks/PHI.png"
"187",2019,"PIT",10,12,22,0.454545454545455,"Pittsburgh Steelers","3900","Steelers","#000000","#ffb612","#c60c30","#00539b","https://upload.wikimedia.org/wikipedia/commons/thumb/d/de/Pittsburgh_Steelers_logo.svg/100px-Pittsburgh_Steelers_logo.svg.png","https://a.espncdn.com/i/teamlogos/nfl/500/pit.png","https://github.com/guga31bb/nflfastR-data/raw/master/wordmarks/PIT.png"
"188",2019,"SEA",6,26,32,0.1875,"Seattle Seahawks","4600","Seahawks","#002244","#69be28","#a5acaf","#001532","https://upload.wikimedia.org/wikipedia/en/thumb/8/8e/Seattle_Seahawks_logo.svg/100px-Seattle_Seahawks_logo.svg.png","https://a.espncdn.com/i/teamlogos/nfl/500/sea.png","https://github.com/guga31bb/nflfastR-data/raw/master/wordmarks/SEA.png"
"189",2019,"SF",10,19,29,0.344827586206897,"San Francisco 49ers","4500","49ers","#aa0000","#b3995d","#000000","#a5acaf","https://upload.wikimedia.org/wikipedia/commons/thumb/3/3a/San_Francisco_49ers_logo.svg/100px-San_Francisco_49ers_logo.svg.png","https://a.espncdn.com/i/teamlogos/nfl/500/sf.png","https://github.com/guga31bb/nflfastR-data/raw/master/wordmarks/SF.png"
"190",2019,"TB",10,17,27,0.37037037037037,"Tampa Bay Buccaneers","4900","Buccaneers","#d50a0a","#34302b","#000000","#ff7900","https://upload.wikimedia.org/wikipedia/en/thumb/a/a2/Tampa_Bay_Buccaneers_logo.svg/100px-Tampa_Bay_Buccaneers_logo.svg.png","https://a.espncdn.com/i/teamlogos/nfl/500/tb.png","https://github.com/guga31bb/nflfastR-data/raw/master/wordmarks/TB.png"
"191",2019,"TEN",4,20,24,0.166666666666667,"Tennessee Titans","2100","Titans","#002244","#4b92db","#c60c30","#a5acaf","https://raw.githubusercontent.com/guga31bb/nflfastR-data/master/titans.png","https://a.espncdn.com/i/teamlogos/nfl/500/ten.png","https://github.com/guga31bb/nflfastR-data/raw/master/wordmarks/TEN.png"
"192",2019,"WAS",4,14,18,0.222222222222222,"Washington Football Team","5110","Football Team","#773141","#ffb612","#000000","#5b2b2f","https://upload.wikimedia.org/wikipedia/commons/thumb/7/72/Washington_football_team_wlogo.svg/100px-Washington_football_team_wlogo.svg.png","https://a.espncdn.com/i/teamlogos/nfl/500/wsh.png","https://github.com/guga31bb/nflfastR-data/raw/master/wordmarks/WAS.png"
"193",2020,"ARI",19,16,35,0.542857142857143,"Arizona Cardinals","3800","Cardinals","#97233f","#000000","#ffb612","#a5acaf","https://upload.wikimedia.org/wikipedia/en/thumb/7/72/Arizona_Cardinals_logo.svg/179px-Arizona_Cardinals_logo.svg.png","https://a.espncdn.com/i/teamlogos/nfl/500/ari.png","https://github.com/guga31bb/nflfastR-data/raw/master/wordmarks/ARI.png"
"194",2020,"ATL",14,14,28,0.5,"Atlanta Falcons","0200","Falcons","#a71930","#000000","#a5acaf","#a30d2d","https://upload.wikimedia.org/wikipedia/en/thumb/c/c5/Atlanta_Falcons_logo.svg/192px-Atlanta_Falcons_logo.svg.png","https://a.espncdn.com/i/teamlogos/nfl/500/atl.png","https://github.com/guga31bb/nflfastR-data/raw/master/wordmarks/ATL.png"
"195",2020,"BAL",8,7,15,0.533333333333333,"Baltimore Ravens","0325","Ravens","#241773","#000000","#9e7c0c","#c60c30","https://upload.wikimedia.org/wikipedia/en/thumb/1/16/Baltimore_Ravens_logo.svg/193px-Baltimore_Ravens_logo.svg.png","https://a.espncdn.com/i/teamlogos/nfl/500/bal.png","https://github.com/guga31bb/nflfastR-data/raw/master/wordmarks/BAL.png"
"196",2020,"BUF",8,15,23,0.347826086956522,"Buffalo Bills","0610","Bills","#00338d","#c60c30","#0c2e82","#d50a0a","https://upload.wikimedia.org/wikipedia/en/thumb/7/77/Buffalo_Bills_logo.svg/189px-Buffalo_Bills_logo.svg.png","https://a.espncdn.com/i/teamlogos/nfl/500/buf.png","https://github.com/guga31bb/nflfastR-data/raw/master/wordmarks/BUF.png"
"197",2020,"CAR",19,20,39,0.487179487179487,"Carolina Panthers","0750","Panthers","#0085ca","#000000","#bfc0bf","#0085ca","https://upload.wikimedia.org/wikipedia/en/thumb/1/1c/Carolina_Panthers_logo.svg/100px-Carolina_Panthers_logo.svg.png","https://a.espncdn.com/i/teamlogos/nfl/500-dark/car.png","https://github.com/guga31bb/nflfastR-data/raw/master/wordmarks/CAR.png"
"198",2020,"CHI",13,17,30,0.433333333333333,"Chicago Bears","0810","Bears","#0b162a","#c83803","#0b162a","#c83803","https://upload.wikimedia.org/wikipedia/commons/thumb/5/5c/Chicago_Bears_logo.svg/100px-Chicago_Bears_logo.svg.png","https://a.espncdn.com/i/teamlogos/nfl/500/chi.png","https://github.com/guga31bb/nflfastR-data/raw/master/wordmarks/CHI.png"
"199",2020,"CIN",10,9,19,0.526315789473684,"Cincinnati Bengals","0920","Bengals","#000000","#fb4f14","#000000","#d32f1e","https://upload.wikimedia.org/wikipedia/commons/thumb/8/81/Cincinnati_Bengals_logo.svg/100px-Cincinnati_Bengals_logo.svg.png","https://a.espncdn.com/i/teamlogos/nfl/500/cin.png","https://github.com/guga31bb/nflfastR-data/raw/master/wordmarks/CIN.png"
"200",2020,"CLE",16,10,26,0.615384615384615,"Cleveland Browns","1050","Browns","#fb4f14","#22150c","#a5acaf","#d32f1e","https://upload.wikimedia.org/wikipedia/en/thumb/d/d9/Cleveland_Browns_logo.svg/100px-Cleveland_Browns_logo.svg.png","https://a.espncdn.com/i/teamlogos/nfl/500/cle.png","https://github.com/guga31bb/nflfastR-data/raw/master/wordmarks/CLE.png"
"201",2020,"DAL",16,11,27,0.592592592592593,"Dallas Cowboys","1200","Cowboys","#002244","#b0b7bc","#acc0c6","#a5acaf","https://upload.wikimedia.org/wikipedia/commons/thumb/1/15/Dallas_Cowboys.svg/100px-Dallas_Cowboys.svg.png","https://a.espncdn.com/i/teamlogos/nfl/500/dal.png","https://github.com/guga31bb/nflfastR-data/raw/master/wordmarks/DAL.png"
"202",2020,"DEN",6,15,21,0.285714285714286,"Denver Broncos","1400","Broncos","#002244","#fb4f14","#00234c","#ff5200","https://upload.wikimedia.org/wikipedia/en/thumb/4/44/Denver_Broncos_logo.svg/100px-Denver_Broncos_logo.svg.png","https://a.espncdn.com/i/teamlogos/nfl/500/den.png","https://github.com/guga31bb/nflfastR-data/raw/master/wordmarks/DEN.png"
"203",2020,"DET",8,16,24,0.333333333333333,"Detroit Lions","1540","Lions","#005a8b","#b0b7bc","#000000","#004e89","https://upload.wikimedia.org/wikipedia/en/thumb/7/71/Detroit_Lions_logo.svg/100px-Detroit_Lions_logo.svg.png","https://a.espncdn.com/i/teamlogos/nfl/500/det.png","https://github.com/guga31bb/nflfastR-data/raw/master/wordmarks/DET.png"
"204",2020,"GB",14,10,24,0.583333333333333,"Green Bay Packers","1800","Packers","#203731","#ffb612","#1c2d25","#eead1e","https://upload.wikimedia.org/wikipedia/commons/thumb/5/50/Green_Bay_Packers_logo.svg/100px-Green_Bay_Packers_logo.svg.png","https://a.espncdn.com/i/teamlogos/nfl/500/gb.png","https://github.com/guga31bb/nflfastR-data/raw/master/wordmarks/GB.png"
"205",2020,"HOU",8,20,28,0.285714285714286,"Houston Texans","2120","Texans","#03202f","#a71930","#00071c","#a30d2d","https://upload.wikimedia.org/wikipedia/en/thumb/2/28/Houston_Texans_logo.svg/100px-Houston_Texans_logo.svg.png","https://a.espncdn.com/i/teamlogos/nfl/500/hou.png","https://github.com/guga31bb/nflfastR-data/raw/master/wordmarks/HOU.png"
"206",2020,"IND",25,15,40,0.625,"Indianapolis Colts","2200","Colts","#002c5f","#a5acaf","#013369","#9ba1a2","https://upload.wikimedia.org/wikipedia/commons/thumb/0/00/Indianapolis_Colts_logo.svg/100px-Indianapolis_Colts_logo.svg.png","https://a.espncdn.com/i/teamlogos/nfl/500/ind.png","https://github.com/guga31bb/nflfastR-data/raw/master/wordmarks/IND.png"
"207",2020,"JAX",10,16,26,0.384615384615385,"Jacksonville Jaguars","2250","Jaguars","#000000","#006778","#9f792c","#d7a22a","https://upload.wikimedia.org/wikipedia/en/thumb/7/74/Jacksonville_Jaguars_logo.svg/100px-Jacksonville_Jaguars_logo.svg.png","https://a.espncdn.com/i/teamlogos/nfl/500/jax.png","https://github.com/guga31bb/nflfastR-data/raw/master/wordmarks/JAX.png"
"208",2020,"KC",12,12,24,0.5,"Kansas City Chiefs","2310","Chiefs","#e31837","#ffb612","#000000","#e31837","https://upload.wikimedia.org/wikipedia/en/thumb/e/e1/Kansas_City_Chiefs_logo.svg/100px-Kansas_City_Chiefs_logo.svg.png","https://a.espncdn.com/i/teamlogos/nfl/500/kc.png","https://github.com/guga31bb/nflfastR-data/raw/master/wordmarks/KC.png"
"209",2020,"LA",11,26,37,0.297297297297297,"Los Angeles Rams","2510","Rams","#002244","#b3995d","#001532","#af925d","https://upload.wikimedia.org/wikipedia/en/thumb/8/8a/Los_Angeles_Rams_logo.svg/100px-Los_Angeles_Rams_logo.svg.png","https://a.espncdn.com/i/teamlogos/nfl/500/lar.png","https://github.com/guga31bb/nflfastR-data/raw/master/wordmarks/LA.png"
"210",2020,"LAC",14,13,27,0.518518518518518,"Los Angeles Chargers","4400","Chargers","#002244","#0073cf","#ffb612","#001532","https://upload.wikimedia.org/wikipedia/en/thumb/7/72/NFL_Chargers_logo.svg/100px-NFL_Chargers_logo.svg.png","https://a.espncdn.com/i/teamlogos/nfl/500/lac.png","https://github.com/guga31bb/nflfastR-data/raw/master/wordmarks/LAC.png"
"211",2020,"LV",19,17,36,0.527777777777778,"Las Vegas Raiders","2520","Raiders","#a5acaf","#000000","#a6aeb0","#000000","https://upload.wikimedia.org/wikipedia/en/thumb/4/48/Las_Vegas_Raiders_logo.svg/100px-Las_Vegas_Raiders_logo.svg.png","https://a.espncdn.com/i/teamlogos/nfl/500/lv.png","https://github.com/guga31bb/nflfastR-data/raw/master/wordmarks/LV.png"
"212",2020,"MIA",6,20,26,0.230769230769231,"Miami Dolphins","2700","Dolphins","#008e97","#f58220","#005778","#008e97","https://upload.wikimedia.org/wikipedia/en/thumb/3/37/Miami_Dolphins_logo.svg/100px-Miami_Dolphins_logo.svg.png","https://a.espncdn.com/i/teamlogos/nfl/500/mia.png","https://github.com/guga31bb/nflfastR-data/raw/master/wordmarks/MIA.png"
"213",2020,"MIN",15,13,28,0.535714285714286,"Minnesota Vikings","3000","Vikings","#4f2683","#ffc62f","#e9bf9b","#000000","https://upload.wikimedia.org/wikipedia/en/thumb/4/48/Minnesota_Vikings_logo.svg/98px-Minnesota_Vikings_logo.svg.png","https://a.espncdn.com/i/teamlogos/nfl/500/min.png","https://github.com/guga31bb/nflfastR-data/raw/master/wordmarks/MIN.png"
"214",2020,"NE",10,16,26,0.384615384615385,"New England Patriots","3200","Patriots","#002244","#c60c30","#b0b7bc","#001532","https://upload.wikimedia.org/wikipedia/en/thumb/b/b9/New_England_Patriots_logo.svg/100px-New_England_Patriots_logo.svg.png","https://a.espncdn.com/i/teamlogos/nfl/500/ne.png","https://github.com/guga31bb/nflfastR-data/raw/master/wordmarks/NE.png"
"215",2020,"NO",10,23,33,0.303030303030303,"New Orleans Saints","3300","Saints","#9f8958","#000000","#9f8958","#000000","https://upload.wikimedia.org/wikipedia/commons/thumb/5/50/New_Orleans_Saints_logo.svg/98px-New_Orleans_Saints_logo.svg.png","https://a.espncdn.com/i/teamlogos/nfl/500/no.png","https://github.com/guga31bb/nflfastR-data/raw/master/wordmarks/NO.png"
"216",2020,"NYG",12,20,32,0.375,"New York Giants","3410","Giants","#0b2265","#a71930","#a5acaf","#012352","https://upload.wikimedia.org/wikipedia/commons/thumb/6/60/New_York_Giants_logo.svg/100px-New_York_Giants_logo.svg.png","https://a.espncdn.com/i/teamlogos/nfl/500/nyg.png","https://github.com/guga31bb/nflfastR-data/raw/master/wordmarks/NYG.png"
"217",2020,"NYJ",7,13,20,0.35,"New York Jets","3430","Jets","#203731","#1c2d25",NA,NA,"https://upload.wikimedia.org/wikipedia/en/thumb/6/6b/New_York_Jets_logo.svg/100px-New_York_Jets_logo.svg.png","https://a.espncdn.com/i/teamlogos/nfl/500/nyj.png","https://github.com/guga31bb/nflfastR-data/raw/master/wordmarks/NYJ.png"
"218",2020,"PHI",14,17,31,0.451612903225806,"Philadelphia Eagles","3700","Eagles","#004953","#a5acaf","#acc0c6","#000000","https://upload.wikimedia.org/wikipedia/en/thumb/8/8e/Philadelphia_Eagles_logo.svg/100px-Philadelphia_Eagles_logo.svg.png","https://a.espncdn.com/i/teamlogos/nfl/500/phi.png","https://github.com/guga31bb/nflfastR-data/raw/master/wordmarks/PHI.png"
"219",2020,"PIT",13,20,33,0.393939393939394,"Pittsburgh Steelers","3900","Steelers","#000000","#ffb612","#c60c30","#00539b","https://upload.wikimedia.org/wikipedia/commons/thumb/d/de/Pittsburgh_Steelers_logo.svg/100px-Pittsburgh_Steelers_logo.svg.png","https://a.espncdn.com/i/teamlogos/nfl/500/pit.png","https://github.com/guga31bb/nflfastR-data/raw/master/wordmarks/PIT.png"
"220",2020,"SEA",11,25,36,0.305555555555556,"Seattle Seahawks","4600","Seahawks","#002244","#69be28","#a5acaf","#001532","https://upload.wikimedia.org/wikipedia/en/thumb/8/8e/Seattle_Seahawks_logo.svg/100px-Seattle_Seahawks_logo.svg.png","https://a.espncdn.com/i/teamlogos/nfl/500/sea.png","https://github.com/guga31bb/nflfastR-data/raw/master/wordmarks/SEA.png"
"221",2020,"SF",10,21,31,0.32258064516129,"San Francisco 49ers","4500","49ers","#aa0000","#b3995d","#000000","#a5acaf","https://upload.wikimedia.org/wikipedia/commons/thumb/3/3a/San_Francisco_49ers_logo.svg/100px-San_Francisco_49ers_logo.svg.png","https://a.espncdn.com/i/teamlogos/nfl/500/sf.png","https://github.com/guga31bb/nflfastR-data/raw/master/wordmarks/SF.png"
"222",2020,"TB",7,19,26,0.269230769230769,"Tampa Bay Buccaneers","4900","Buccaneers","#d50a0a","#34302b","#000000","#ff7900","https://upload.wikimedia.org/wikipedia/en/thumb/a/a2/Tampa_Bay_Buccaneers_logo.svg/100px-Tampa_Bay_Buccaneers_logo.svg.png","https://a.espncdn.com/i/teamlogos/nfl/500/tb.png","https://github.com/guga31bb/nflfastR-data/raw/master/wordmarks/TB.png"
"223",2020,"TEN",9,10,19,0.473684210526316,"Tennessee Titans","2100","Titans","#002244","#4b92db","#c60c30","#a5acaf","https://raw.githubusercontent.com/guga31bb/nflfastR-data/master/titans.png","https://a.espncdn.com/i/teamlogos/nfl/500/ten.png","https://github.com/guga31bb/nflfastR-data/raw/master/wordmarks/TEN.png"
"224",2020,"WAS",12,10,22,0.545454545454545,"Washington Football Team","5110","Football Team","#773141","#ffb612","#000000","#5b2b2f","https://upload.wikimedia.org/wikipedia/commons/thumb/7/72/Washington_football_team_wlogo.svg/100px-Washington_football_team_wlogo.svg.png","https://a.espncdn.com/i/teamlogos/nfl/500/wsh.png","https://github.com/guga31bb/nflfastR-data/raw/master/wordmarks/WAS.png"
